Country,year,annual_temp,baseline_temp,anomaly,anomaly_smooth
Bangladesh,1850,24.452333333333332,25.187519444444444,-0.735186111111112,-0.7858805555555554
Bangladesh,1851,24.527416666666667,25.187519444444444,-0.6601027777777766,-0.6204039141414137
Bangladesh,1852,24.225166666666667,25.187519444444444,-0.9623527777777774,-0.5894936868686862
Bangladesh,1853,25.063545454545455,25.187519444444444,-0.12397398989898889,-0.5497270202020189
Bangladesh,1854,24.721666666666668,25.187519444444444,-0.46585277777777634,-0.6115270202020191
Bangladesh,1855,24.65116666666667,25.187519444444444,-0.5363527777777755,-0.6652436868686863
Bangladesh,1856,24.218416666666666,25.187519444444444,-0.9691027777777776,-0.770152777777777
Bangladesh,1857,23.95658333333333,25.187519444444444,-1.230936111111113,-0.7927027777777766
Bangladesh,1858,24.539,25.187519444444444,-0.6485194444444424,-0.8559694444444432
Bangladesh,1859,24.60891666666667,25.187519444444444,-0.5786027777777747,-0.8471361111111093
Bangladesh,1860,24.334833333333336,25.187519444444444,-0.8526861111111081,-0.7433194444444424
Bangladesh,1861,24.262583333333335,25.187519444444444,-0.9249361111111085,-0.7902527777777764
Bangladesh,1863,24.475666666666665,25.187519444444444,-0.7118527777777786,-0.77823611111111
Bangladesh,1864,24.304333333333332,25.187519444444444,-0.8831861111111117,-0.6910694444444438
Bangladesh,1865,24.669,25.187519444444444,-0.5185194444444434,-0.5931694444444439
Bangladesh,1866,24.770666666666667,25.187519444444444,-0.41685277777777685,-0.6077694444444439
Bangladesh,1867,24.752083333333335,25.187519444444444,-0.4354361111111089,-0.5907694444444431
Bangladesh,1868,24.402666666666665,25.187519444444444,-0.784852777777779,-0.6322361111111092
Bangladesh,1869,24.389333333333337,25.187519444444444,-0.7981861111111073,-0.651502777777776
Bangladesh,1870,24.46166666666667,25.187519444444444,-0.7258527777777743,-0.6662361111111096
Bangladesh,1871,24.674333333333333,25.187519444444444,-0.5131861111111107,-0.6099527777777759
Bangladesh,1872,24.678416666666667,25.187519444444444,-0.5091027777777768,-0.5925861111111097
Bangladesh,1873,24.684083333333334,25.187519444444444,-0.5034361111111103,-0.5784527777777762
Bangladesh,1874,24.476166666666668,25.187519444444444,-0.7113527777777762,-0.6224527777777759
Bangladesh,1875,24.532333333333337,25.187519444444444,-0.6551861111111066,-0.6755694444444422
Bangladesh,1876,24.454333333333334,25.187519444444444,-0.7331861111111095,-0.5944027777777755
Bangladesh,1877,24.412833333333335,25.187519444444444,-0.7746861111111087,-0.47046944444444205
Bangladesh,1878,25.089916666666667,25.187519444444444,-0.0976027777777766,-0.46538611111110983
Bangladesh,1879,25.095833333333335,25.187519444444444,-0.09168611111110891,-0.44513611111110973
Bangladesh,1880,24.55775,25.187519444444444,-0.6297694444444453,-0.3767194444444428
Bangladesh,1881,24.555583333333335,25.187519444444444,-0.6319361111111093,-0.5313027777777755
Bangladesh,1882,24.75491666666667,25.187519444444444,-0.4326027777777739,-0.716269444444442
Bangladesh,1883,24.317000000000004,25.187519444444444,-0.8705194444444402,-0.7069027777777748
Bangladesh,1884,24.171000000000003,25.187519444444444,-1.016519444444441,-0.6680194444444417
Bangladesh,1885,24.604583333333334,25.187519444444444,-0.5829361111111098,-0.7288527777777759
Bangladesh,1886,24.75,25.187519444444444,-0.4375194444444439,-0.6718527777777765
Bangladesh,1887,24.45075,25.187519444444444,-0.7367694444444446,-0.4689361111111111
Bangladesh,1888,24.602,25.187519444444444,-0.5855194444444436,-0.47916944444444454
Bangladesh,1889,25.18558333333333,25.187519444444444,-0.001936111111113803,-0.5055694444444448
Bangladesh,1890,24.553416666666667,25.187519444444444,-0.6341027777777768,-0.45741944444444443
Bangladesh,1891,24.618,25.187519444444444,-0.5695194444444454,-0.5984861111111115
Bangladesh,1892,24.6915,25.187519444444444,-0.49601944444444257,-0.6814361111111111
Bangladesh,1893,23.896666666666665,25.187519444444444,-1.2908527777777792,-0.6530694444444443
Bangladesh,1894,24.770833333333332,25.187519444444444,-0.41668611111111176,-0.5521861111111107
Bangladesh,1895,24.69525,25.187519444444444,-0.49226944444444243,-0.4520861111111117
Bangladesh,1896,25.122416666666666,25.187519444444444,-0.06510277777777773,-0.25556944444444485
Bangladesh,1897,25.191999999999997,25.187519444444444,0.004480555555552712,-0.28883611111111096
Bangladesh,1898,24.87925,25.187519444444444,-0.30826944444444493,-0.18406944444444448
Bangladesh,1899,24.6045,25.187519444444444,-0.5830194444444423,-0.196852777777778
Bangladesh,1900,25.219083333333334,25.187519444444444,0.031563888888889835,-0.2859861111111101
Bangladesh,1901,25.0585,25.187519444444444,-0.12901944444444524,-0.2795861111111101
Bangladesh,1902,24.746333333333336,25.187519444444444,-0.44118611111110795,-0.2663527777777773
Bangladesh,1903,24.91125,25.187519444444444,-0.2762694444444449,-0.48858611111111044
Bangladesh,1904,24.670666666666666,25.187519444444444,-0.5168527777777783,-0.5316527777777772
Bangladesh,1905,24.107916666666668,25.187519444444444,-1.079602777777776,-0.5464194444444445
Bangladesh,1906,24.843166666666665,25.187519444444444,-0.34435277777777884,-0.5561527777777776
Bangladesh,1907,24.6725,25.187519444444444,-0.5150194444444445,-0.4998027777777779
Bangladesh,1908,24.862583333333333,25.187519444444444,-0.32493611111111065,-0.41481944444444496
Bangladesh,1909,24.952416666666664,25.187519444444444,-0.23510277777777944,-0.4827527777777775
Bangladesh,1910,24.532833333333333,25.187519444444444,-0.6546861111111113,-0.47951944444444405
Bangladesh,1911,24.503500000000003,25.187519444444444,-0.6840194444444414,-0.5612527777777772
Bangladesh,1912,24.688666666666666,25.187519444444444,-0.4988527777777776,-0.6318027777777765
Bangladesh,1913,24.453916666666668,25.187519444444444,-0.7336027777777758,-0.5090194444444428
Bangladesh,1914,24.599666666666668,25.187519444444444,-0.5878527777777762,-0.42901944444444384
Bangladesh,1915,25.14675,25.187519444444444,-0.04076944444444308,-0.45220277777777723
Bangladesh,1916,24.903499999999998,25.187519444444444,-0.2840194444444464,-0.44698611111111075
Bangladesh,1917,24.57275,25.187519444444444,-0.6147694444444447,-0.3668861111111106
Bangladesh,1918,24.48,25.187519444444444,-0.7075194444444435,-0.4180527777777769
Bangladesh,1919,25.00016666666667,25.187519444444444,-0.18735277777777526,-0.432119444444443
Bangladesh,1920,24.89091666666667,25.187519444444444,-0.29660277777777466,-0.3180194444444432
Bangladesh,1921,24.833166666666667,25.187519444444444,-0.35435277777777685,-0.23156944444444322
Bangladesh,1922,25.14325,25.187519444444444,-0.04426944444444558,-0.18673611111111016
Bangladesh,1923,24.91225,25.187519444444444,-0.2752694444444437,-0.27078611111111
Bangladesh,1924,25.224333333333334,25.187519444444444,0.036813888888890034,-0.2734194444444441
Bangladesh,1925,24.47066666666667,25.187519444444444,-0.716852777777774,-0.3588361111111105
Bangladesh,1926,24.819999999999997,25.187519444444444,-0.3675194444444472,-0.3364694444444439
Bangladesh,1927,24.716166666666666,25.187519444444444,-0.47135277777777773,-0.4301527777777771
Bangladesh,1928,25.024083333333333,25.187519444444444,-0.16343611111111045,-0.3873861111111111
Bangladesh,1929,24.755916666666668,25.187519444444444,-0.4316027777777762,-0.32380277777777666
Bangladesh,1930,24.6845,25.187519444444444,-0.503019444444444,-0.23621944444444337
Bangladesh,1931,25.13791666666667,25.187519444444444,-0.049602777777774776,-0.2865194444444434
Bangladesh,1932,25.154083333333332,25.187519444444444,-0.033436111111111444,-0.28618611111111036
Bangladesh,1933,24.772583333333333,25.187519444444444,-0.4149361111111105,-0.22536944444444346
Bangladesh,1934,24.757583333333333,25.187519444444444,-0.4299361111111111,-0.28146944444444416
Bangladesh,1935,24.988583333333334,25.187519444444444,-0.19893611111110943,-0.3634027777777774
Bangladesh,1936,24.857416666666666,25.187519444444444,-0.3301027777777783,-0.30715277777777744
Bangladesh,1937,24.744416666666666,25.187519444444444,-0.44310277777777785,-0.2058527777777776
Bangladesh,1938,25.053833333333333,25.187519444444444,-0.1336861111111105,-0.20885277777777772
Bangladesh,1939,25.264083333333332,25.187519444444444,0.07656388888888799,-0.13241944444444442
Bangladesh,1940,24.973583333333334,25.187519444444444,-0.21393611111111,-0.0417861111111101
Bangladesh,1941,25.239583333333332,25.187519444444444,0.05206388888888824,-0.05853611111110979
Bangladesh,1942,25.197583333333338,25.187519444444444,0.010063888888893757,-0.11733611111110917
Bangladesh,1943,24.970083333333335,25.187519444444444,-0.21743611111110894,-0.14841944444444266
Bangladesh,1944,24.970083333333335,25.187519444444444,-0.21743611111110894,-0.18875277777777483
Bangladesh,1945,24.818166666666666,25.187519444444444,-0.3693527777777774,-0.1828861111111088
Bangladesh,1946,25.03791666666667,25.187519444444444,-0.14960277777777264,-0.1830027777777758
Bangladesh,1947,25.226916666666668,25.187519444444444,0.03939722222222386,-0.24498611111110905
Bangladesh,1948,24.9695,25.187519444444444,-0.21801944444444388,-0.20455277777777497
Bangladesh,1949,24.66016666666667,25.187519444444444,-0.5273527777777751,-0.15570277777777547
Bangladesh,1950,25.020333333333337,25.187519444444444,-0.16718611111110704,-0.16925277777777553
Bangladesh,1951,25.28216666666667,25.187519444444444,0.09464722222222477,-0.08920277777777556
Bangladesh,1952,25.159166666666668,25.187519444444444,-0.02835277777777634,0.020647222222224572
Bangladesh,1953,25.36975,25.187519444444444,0.1822305555555559,0.0366138888888905
Bangladesh,1954,25.20941666666667,25.187519444444444,0.021897222222225565,-0.020769444444443508
Bangladesh,1955,25.100166666666667,25.187519444444444,-0.08735277777777739,-0.0022027777777772427
Bangladesh,1956,24.99525,25.187519444444444,-0.19226944444444527,0.08534722222222299
Bangladesh,1957,25.252,25.187519444444444,0.06448055555555499,0.04124722222222275
Bangladesh,1958,25.8075,25.187519444444444,0.6199805555555571,0.11806388888889004
Bangladesh,1959,24.988916666666668,25.187519444444444,-0.19860277777777569,0.13296388888889013
Bangladesh,1960,25.484250000000003,25.187519444444444,0.29673055555555905,0.08914722222222338
Bangladesh,1961,25.06975,25.187519444444444,-0.11776944444444482,-0.05123611111111046
Bangladesh,1962,25.032916666666665,25.187519444444444,-0.15460277777777875,0.01189722222222187
Bangladesh,1963,25.105583333333332,25.187519444444444,-0.0819361111111121,-0.0772527777777789
Bangladesh,1964,25.30458333333333,25.187519444444444,0.11706388888888597,0.00566388888888838
Bangladesh,1965,25.0385,25.187519444444444,-0.14901944444444482,-0.0024361111111112165
Bangladesh,1966,25.484333333333336,25.187519444444444,0.2968138888888916,-0.035452777777777555
Bangladesh,1967,24.992416666666667,25.187519444444444,-0.19510277777777674,-0.04550277777777652
Bangladesh,1968,24.9405,25.187519444444444,-0.2470194444444438,-0.01588611111110936
Bangladesh,1969,25.254333333333335,25.187519444444444,0.06681388888889117,-0.18571944444444313
Bangladesh,1970,25.186583333333335,25.187519444444444,-0.0009361111111090281,-0.15543611111110991
Bangladesh,1971,24.635166666666667,25.187519444444444,-0.5523527777777772,-0.09041944444444283
Bangladesh,1972,25.143833333333333,25.187519444444444,-0.04368611111111065,-0.1333861111111098
Bangladesh,1973,25.265583333333336,25.187519444444444,0.0780638888888916,-0.1419194444444436
Bangladesh,1974,25.0395,25.187519444444444,-0.1480194444444436,-0.028519444444443563
Bangladesh,1975,25.143916666666666,25.187519444444444,-0.0436027777777781,-0.047969444444444065
Bangladesh,1976,25.202166666666667,25.187519444444444,0.014647222222222922,-0.09328611111111088
Bangladesh,1977,25.04658333333333,25.187519444444444,-0.14093611111111315,0.04103055555555599
Bangladesh,1978,25.039,25.187519444444444,-0.14851944444444243,0.0803805555555563
Bangladesh,1979,25.711083333333335,25.187519444444444,0.5235638888888907,0.03031388888889026
Bangladesh,1980,25.340666666666667,25.187519444444444,0.15314722222222343,0.04981388888889029
Bangladesh,1981,24.951833333333337,25.187519444444444,-0.23568611111110727,0.05598055555555703
Bangladesh,1982,25.14408333333333,25.187519444444444,-0.04343611111111301,-0.07315277777777637
Bangladesh,1983,25.069833333333335,25.187519444444444,-0.11768611111110872,-0.057002777777776
Bangladesh,1984,25.065416666666668,25.187519444444444,-0.12210277777777634,0.011480555555557003
Bangladesh,1985,25.42141666666667,25.187519444444444,0.2338972222222253,0.11114722222222398
Bangladesh,1986,25.29425,25.187519444444444,0.10673055555555777,0.23911388888889035
Bangladesh,1987,25.642416666666666,25.187519444444444,0.45489722222222184,0.28698055555555657
Bangladesh,1988,25.709666666666667,25.187519444444444,0.5221472222222232,0.2590472222222232
Bangladesh,1989,25.30475,25.187519444444444,0.11723055555555462,0.22723055555555619
Bangladesh,1990,25.281750000000002,25.187519444444444,0.09423055555555848,0.12319722222222254
Bangladesh,1991,25.135166666666667,25.187519444444444,-0.05235277777777725,-0.018102777777777135
Bangladesh,1992,25.122249999999998,25.187519444444444,-0.06526944444444638,-0.026719444444443498
Bangladesh,1993,25.00316666666667,25.187519444444444,-0.18435277777777515,9.722222222308119e-05
Bangladesh,1994,25.261666666666667,25.187519444444444,0.07414722222222281,0.061113888888890244
Bangladesh,1995,25.415833333333335,25.187519444444444,0.22831388888889137,0.00851388888889133
Bangladesh,1996,25.440250000000002,25.187519444444444,0.25273055555555857,0.11271388888889149
Bangladesh,1997,24.859250000000003,25.187519444444444,-0.32826944444444095,0.2033472222222251
Bangladesh,1998,25.52416666666667,25.187519444444444,0.33664722222222565,0.15021388888889148
Bangladesh,1999,25.714833333333335,25.187519444444444,0.5273138888888909,0.12956388888889095
Bangladesh,2000,25.150166666666667,25.187519444444444,-0.03735277777777668,0.2337805555555576
Bangladesh,2001,25.337,25.187519444444444,0.14948055555555584,0.18511388888889044
Bangladesh,2002,25.380333333333336,25.187519444444444,0.1928138888888924,0.11941388888889079
Bangladesh,2003,25.280833333333334,25.187519444444444,0.0933138888888898,0.19578055555555735
Bangladesh,2004,25.386333333333337,25.187519444444444,0.19881388888889262,0.2815138888888903
Bangladesh,2005,25.532,25.187519444444444,0.3444805555555561,0.27419722222222304
Bangladesh,2006,25.765666666666664,25.187519444444444,0.5781472222222206,0.2959305555555559
Bangladesh,2007,25.34375,25.187519444444444,0.1562305555555561,0.39964722222222165
Bangladesh,2008,25.389499999999998,25.187519444444444,0.20198055555555428,0.48131388888888793
Bangladesh,2009,25.904916666666665,25.187519444444444,0.7173972222222211,0.3691972222222219
Bangladesh,2010,25.94033333333333,25.187519444444444,0.7528138888888876,0.40716388888888916
Bangladesh,2011,25.205083333333334,25.187519444444444,0.01756388888889049,0.5227638888888897
Bangladesh,2012,25.533583333333336,25.187519444444444,0.3460638888888923,0.4741055555555569
Bangladesh,2013,25.9675,25.187519444444444,0.7799805555555572,0.38120277777778
Canada,1850,-5.53625,-4.917497222222222,-0.6187527777777779,-0.4932250000000004
Canada,1851,-5.3379166666666675,-4.917497222222222,-0.42041944444444557,-0.5382736111111117
Canada,1852,-5.358,-4.917497222222222,-0.4405027777777777,-0.5562694444444451
Canada,1853,-5.590916666666668,-4.917497222222222,-0.6734194444444457,-0.6046361111111116
Canada,1854,-5.545750000000001,-4.917497222222222,-0.6282527777777789,-0.6298027777777782
Canada,1855,-5.778083333333332,-4.917497222222222,-0.8605861111111102,-0.6835194444444449
Canada,1856,-5.46375,-4.917497222222222,-0.5462527777777781,-0.7145861111111114
Canada,1857,-5.6265833333333335,-4.917497222222222,-0.7090861111111115,-0.7865861111111112
Canada,1858,-5.74625,-4.917497222222222,-0.8287527777777779,-0.7309694444444448
Canada,1859,-5.90575,-4.917497222222222,-0.9882527777777783,-0.7965027777777781
Canada,1860,-5.5,-4.917497222222222,-0.582502777777778,-0.9542861111111112
Canada,1861,-5.791416666666667,-4.917497222222222,-0.8739194444444447,-0.9376694444444444
Canada,1862,-6.415499999999999,-4.917497222222222,-1.498002777777777,-0.8467027777777778
Canada,1863,-5.663166666666666,-4.917497222222222,-0.7456694444444443,-0.8602527777777779
Canada,1864,-5.450916666666667,-4.917497222222222,-0.5334194444444451,-0.8955527777777779
Canada,1865,-5.56775,-4.917497222222222,-0.6502527777777782,-0.757052777777778
Canada,1866,-5.9679166666666665,-4.917497222222222,-1.0504194444444446,-0.7854194444444447
Canada,1867,-5.723,-4.917497222222222,-0.8055027777777779,-0.7487361111111113
Canada,1868,-5.805,-4.917497222222222,-0.8875027777777778,-0.6259194444444447
Canada,1869,-5.2675,-4.917497222222222,-0.3500027777777781,-0.5443194444444446
Canada,1870,-4.953666666666667,-4.917497222222222,-0.03616944444444492,-0.46983611111111134
Canada,1871,-5.559916666666666,-4.917497222222222,-0.6424194444444442,-0.43068611111111144
Canada,1872,-5.350583333333334,-4.917497222222222,-0.4330861111111117,-0.4545861111111115
Canada,1873,-5.60925,-4.917497222222222,-0.6917527777777783,-0.8122527777777782
Canada,1874,-5.3870000000000005,-4.917497222222222,-0.4695027777777785,-0.8967861111111116
Canada,1875,-6.742,-4.917497222222222,-1.824502777777778,-0.6730861111111114
Canada,1876,-5.982583333333333,-4.917497222222222,-1.0650861111111114,-0.2681361111111113
Canada,1877,-4.232083333333333,-4.917497222222222,0.6854138888888892,-0.37241944444444475
Canada,1878,-3.5845,-4.917497222222222,1.3329972222222222,-0.2755027777777781
Canada,1879,-5.9084166666666675,-4.917497222222222,-0.9909194444444456,-0.17446944444444473
Canada,1880,-6.257416666666667,-4.917497222222222,-1.3399194444444449,-0.4715361111111114
Canada,1881,-5.477416666666667,-4.917497222222222,-0.5599194444444446,-1.0356861111111113
Canada,1882,-5.717416666666666,-4.917497222222222,-0.799919444444444,-1.1861027777777777
Canada,1883,-6.40525,-4.917497222222222,-1.4877527777777777,-1.0780194444444444
Canada,1884,-6.6605,-4.917497222222222,-1.743002777777778,-1.214936111111111
Canada,1885,-5.717,-4.917497222222222,-0.7995027777777777,-1.450386111111111
Canada,1886,-6.162,-4.917497222222222,-1.244502777777778,-1.3722361111111112
Canada,1887,-6.894666666666666,-4.917497222222222,-1.9771694444444439,-1.0400194444444446
Canada,1888,-6.014500000000001,-4.917497222222222,-1.0970027777777789,-1.1875694444444447
Canada,1889,-4.999416666666667,-4.917497222222222,-0.08191944444444488,-1.081102777777778
Canada,1890,-6.45475,-4.917497222222222,-1.5372527777777778,-0.7697861111111115
Canada,1891,-5.629666666666666,-4.917497222222222,-0.7121694444444442,-0.8215027777777782
Canada,1892,-5.3380833333333335,-4.917497222222222,-0.42058611111111155,-0.981869444444445
Canada,1893,-6.273083333333335,-4.917497222222222,-1.355586111111113,-0.7814361111111119
Canada,1894,-5.8012500000000005,-4.917497222222222,-0.8837527777777785,-0.8589861111111119
Canada,1895,-5.452583333333334,-4.917497222222222,-0.535086111111112,-0.9809694444444451
Canada,1896,-6.017416666666667,-4.917497222222222,-1.0999194444444447,-0.8158194444444448
Canada,1897,-5.9479999999999995,-4.917497222222222,-1.0305027777777775,-0.8832694444444446
Canada,1898,-5.447333333333333,-4.917497222222222,-0.529836111111111,-0.7965027777777778
Canada,1899,-6.1385,-4.917497222222222,-1.2210027777777777,-0.6034694444444444
Canada,1900,-5.01875,-4.917497222222222,-0.10125277777777786,-0.44805277777777786
Canada,1901,-5.05225,-4.917497222222222,-0.13475277777777794,-0.419102777777778
Canada,1902,-5.170916666666667,-4.917497222222222,-0.25341944444444486,-0.37241944444444464
Canada,1903,-5.302583333333334,-4.917497222222222,-0.3850861111111117,-0.3899527777777781
Canada,1904,-5.905083333333333,-4.917497222222222,-0.9875861111111108,-0.38938611111111143
Canada,1905,-5.106416666666667,-4.917497222222222,-0.18891944444444508,-0.6678194444444449
Canada,1906,-5.049416666666667,-4.917497222222222,-0.1319194444444447,-0.6555861111111115
Canada,1907,-6.563083333333334,-4.917497222222222,-1.645586111111112,-0.6561361111111117
Canada,1908,-5.241416666666667,-4.917497222222222,-0.32391944444444487,-0.6505361111111115
Canada,1909,-5.9078333333333335,-4.917497222222222,-0.9903361111111115,-0.748019444444445
Canada,1910,-5.078416666666667,-4.917497222222222,-0.16091944444444461,-0.482019444444445
Canada,1911,-5.536833333333334,-4.917497222222222,-0.619336111111112,-0.5886694444444451
Canada,1912,-5.233083333333334,-4.917497222222222,-0.315586111111112,-0.5627361111111118
Canada,1913,-5.7746666666666675,-4.917497222222222,-0.8571694444444455,-0.3816861111111118
Canada,1914,-5.7781666666666665,-4.917497222222222,-0.8606694444444445,-0.3683527777777783
Canada,1915,-4.173166666666667,-4.917497222222222,0.744330555555555,-0.5956527777777783
Canada,1916,-5.470166666666667,-4.917497222222222,-0.5526694444444447,-0.6308694444444447
Canada,1917,-6.369583333333334,-4.917497222222222,-1.4520861111111119,-0.5491527777777782
Canada,1918,-5.950749999999999,-4.917497222222222,-1.0332527777777774,-0.6966361111111115
Canada,1919,-5.369583333333334,-4.917497222222222,-0.45208611111111185,-0.5526861111111113
Canada,1920,-4.910583333333333,-4.917497222222222,0.006913888888888664,-0.42396944444444457
Canada,1921,-4.750416666666666,-4.917497222222222,0.16708055555555568,-0.28920277777777803
Canada,1922,-5.726,-4.917497222222222,-0.808502777777778,-0.18731944444444473
Canada,1923,-5.276916666666667,-4.917497222222222,-0.35941944444444474,-0.2580361111111113
Canada,1924,-4.860166666666667,-4.917497222222222,0.057330555555554774,-0.3029694444444447
Canada,1925,-5.264166666666666,-4.917497222222222,-0.34666944444444425,-0.2296861111111113
Canada,1926,-4.975083333333333,-4.917497222222222,-0.057586111111111116,-0.031586111111111315
Canada,1927,-5.359583333333333,-4.917497222222222,-0.4420861111111112,-0.15186944444444456
Canada,1928,-4.286416666666667,-4.917497222222222,0.6310805555555552,0.0286638888888886
Canada,1929,-5.4615833333333335,-4.917497222222222,-0.5440861111111115,0.2938972222222219
Canada,1930,-4.3615,-4.917497222222222,0.5559972222222216,0.33131388888888846
Canada,1931,-3.6489166666666666,-4.917497222222222,1.2685805555555554,-0.03463611111111131
Canada,1932,-5.1725,-4.917497222222222,-0.25500277777777836,0.016247222222222035
Canada,1933,-6.116166666666666,-4.917497222222222,-1.1986694444444437,-0.22290277777777803
Canada,1934,-5.207166666666667,-4.917497222222222,-0.28966944444444476,-0.6875027777777779
Canada,1935,-5.557250000000001,-4.917497222222222,-0.6397527777777787,-0.5621694444444445
Canada,1936,-5.971916666666666,-4.917497222222222,-1.0544194444444441,-0.14400277777777806
Canada,1937,-4.545833333333333,-4.917497222222222,0.37166388888888857,-0.08620277777777811
Canada,1938,-4.025333333333333,-4.917497222222222,0.8921638888888888,0.22949722222222196
Canada,1939,-4.918166666666667,-4.917497222222222,-0.0006694444444450554,0.5404138888888885
Canada,1940,-3.9787500000000002,-4.917497222222222,0.9387472222222217,0.5890138888888885
Canada,1941,-4.417333333333334,-4.917497222222222,0.5001638888888884,0.47886388888888876
Canada,1942,-4.302833333333333,-4.917497222222222,0.6146638888888889,0.6924305555555554
Canada,1943,-4.576083333333332,-4.917497222222222,0.3414138888888898,0.4874472222222222
Canada,1944,-3.8503333333333334,-4.917497222222222,1.0671638888888886,0.36104722222222224
Canada,1945,-5.003666666666667,-4.917497222222222,-0.08616944444444474,0.3410305555555556
Canada,1946,-5.049333333333333,-4.917497222222222,-0.13183611111111126,0.2786472222222221
Canada,1947,-4.402916666666666,-4.917497222222222,0.5145805555555558,0.058997222222222055
Canada,1948,-4.888,-4.917497222222222,0.029497222222222064,-0.13085277777777798
Canada,1949,-4.948583333333334,-4.917497222222222,-0.031086111111111592,-0.1996194444444445
Canada,1950,-5.952916666666667,-4.917497222222222,-1.035419444444445,-0.11596944444444465
Canada,1951,-5.393166666666666,-4.917497222222222,-0.4756694444444438,0.07009722222222195
Canada,1952,-3.984666666666667,-4.917497222222222,0.9328305555555549,0.11458055555555528
Canada,1953,-3.957666666666667,-4.917497222222222,0.9598305555555551,0.3161638888888886
Canada,1954,-4.726166666666667,-4.917497222222222,0.19133055555555512,0.27124722222222175
Canada,1955,-4.945,-4.917497222222222,-0.02750277777777832,0.06659722222222184
Canada,1956,-5.61775,-4.917497222222222,-0.7002527777777781,0.005680555555555067
Canada,1957,-5.007916666666667,-4.917497222222222,-0.09041944444444461,-0.09468611111111151
Canada,1958,-4.262250000000001,-4.917497222222222,0.6552472222222212,0.012947222222221732
Canada,1959,-5.228,-4.917497222222222,-0.3105027777777778,0.12286388888888844
Canada,1960,-4.406833333333334,-4.917497222222222,0.5106638888888879,0.1496805555555552
Canada,1961,-5.0681666666666665,-4.917497222222222,-0.15066944444444452,0.07971388888888864
Canada,1962,-4.873833333333333,-4.917497222222222,0.04366388888888917,0.033913888888888445
Canada,1963,-4.6120833333333335,-4.917497222222222,0.30541388888888843,-0.1880527777777779
Canada,1964,-5.457000000000001,-4.917497222222222,-0.5395027777777788,-0.20268611111111118
Canada,1965,-5.516666666666666,-4.917497222222222,-0.5991694444444438,-0.2843361111111113
Canada,1966,-5.141333333333333,-4.917497222222222,-0.2238361111111109,-0.2910694444444447
Canada,1967,-5.2820833333333335,-4.917497222222222,-0.3645861111111115,-0.10013611111111125
Canada,1968,-4.6457500000000005,-4.917497222222222,0.2717472222222215,-0.01743611111111143
Canada,1969,-4.5023333333333335,-4.917497222222222,0.41516388888888844,0.03691388888888838
Canada,1970,-5.103166666666667,-4.917497222222222,-0.18566944444444466,-0.2672527777777784
Canada,1971,-4.869583333333334,-4.917497222222222,0.047913888888888145,-0.1740027777777783
Canada,1972,-6.802916666666667,-4.917497222222222,-1.8854194444444454,-0.4017527777777783
Canada,1973,-4.1795,-4.917497222222222,0.737997222222222,-0.3702527777777783
Canada,1974,-5.6410833333333334,-4.917497222222222,-0.7235861111111115,-0.354419444444445
Canada,1975,-4.945666666666667,-4.917497222222222,-0.028169444444444913,0.23801388888888847
Canada,1976,-4.790416666666667,-4.917497222222222,0.12708055555555475,0.01381388888888857
Canada,1977,-3.84075,-4.917497222222222,1.076747222222222,0.1408805555555553
Canada,1978,-5.3004999999999995,-4.917497222222222,-0.3830027777777776,0.24663055555555538
Canada,1979,-5.00575,-4.917497222222222,-0.08825277777777796,0.6312638888888888
Canada,1980,-4.416916666666666,-4.917497222222222,0.5005805555555556,0.22438055555555528
Canada,1981,-2.86725,-4.917497222222222,2.050247222222222,0.3341305555555551
Canada,1982,-5.875166666666668,-4.917497222222222,-0.9576694444444458,0.40843055555555496
Canada,1983,-4.75175,-4.917497222222222,0.1657472222222216,0.3115805555555551
Canada,1984,-4.634250000000001,-4.917497222222222,0.2832472222222213,-0.08375277777777815
Canada,1985,-4.901166666666666,-4.917497222222222,0.01633055555555618,0.42261388888888873
Canada,1986,-4.843916666666666,-4.917497222222222,0.07358055555555598,0.5479305555555556
Canada,1987,-3.3433333333333333,-4.917497222222222,1.5741638888888887,0.4601138888888891
Canada,1988,-4.125166666666666,-4.917497222222222,0.792330555555556,0.43596388888888893
Canada,1989,-5.073333333333333,-4.917497222222222,-0.1558361111111113,0.5194138888888887
Canada,1990,-5.021916666666667,-4.917497222222222,-0.10441944444444484,0.20229722222222205
Canada,1991,-4.426666666666667,-4.917497222222222,0.4908305555555552,0.14703055555555533
Canada,1992,-4.928916666666667,-4.917497222222222,-0.01141944444444487,0.2749638888888887
Canada,1993,-4.4014999999999995,-4.917497222222222,0.5159972222222224,0.41648055555555547
Canada,1994,-4.433666666666666,-4.917497222222222,0.48383055555555554,0.3135805555555555
Canada,1995,-4.314333333333333,-4.917497222222222,0.603163888888889,0.45306388888888877
Canada,1996,-4.941166666666667,-4.917497222222222,-0.023669444444444743,0.8225805555555554
Canada,1997,-4.2315000000000005,-4.917497222222222,0.6859972222222215,1.072047222222222
Canada,1998,-2.553916666666666,-4.917497222222222,2.363580555555556,1.1297305555555552
Canada,1999,-3.1863333333333332,-4.917497222222222,1.7311638888888887,1.4979472222222223
Canada,2000,-4.025916666666666,-4.917497222222222,0.8915805555555556,1.4716805555555557
Canada,2001,-3.1000833333333326,-4.917497222222222,1.8174138888888893,1.2105638888888888
Canada,2002,-4.362833333333334,-4.917497222222222,0.5546638888888884,0.8632138888888887
Canada,2003,-3.8595000000000006,-4.917497222222222,1.0579972222222214,1.006647222222222
Canada,2004,-4.9230833333333335,-4.917497222222222,-0.005586111111111514,1.1346305555555554
Canada,2005,-3.30875,-4.917497222222222,1.608747222222222,1.1950138888888886
Canada,2006,-2.4601666666666664,-4.917497222222222,2.4573305555555556,1.1078638888888885
Canada,2007,-4.0609166666666665,-4.917497222222222,0.8565805555555555,1.2654638888888887
Canada,2008,-4.29525,-4.917497222222222,0.6222472222222217,1.5496305555555554
Canada,2009,-4.135083333333333,-4.917497222222222,0.7824138888888887,1.330247222222222
Canada,2010,-1.8879166666666667,-4.917497222222222,3.0295805555555555,1.5070638888888883
Canada,2011,-3.5570833333333334,-4.917497222222222,1.3604138888888886,2.0379805555555555
Canada,2012,-3.176833333333334,-4.917497222222222,1.740663888888888,2.3518722222222217
Canada,2013,-1.640666666666667,-4.917497222222222,3.276830555555555,2.125969444444444
Chile,1855,7.070125000000001,9.580866666666667,-2.510741666666666,-1.4541583333333339
Chile,1856,8.664083333333332,9.580866666666667,-0.9167833333333348,-1.2832729166666672
Chile,1857,8.645916666666666,9.580866666666667,-0.9349500000000006,-1.0936750000000004
Chile,1858,8.81025,9.580866666666667,-0.7706166666666672,-0.7194833333333339
Chile,1859,9.245583333333334,9.580866666666667,-0.33528333333333293,-0.7087833333333335
Chile,1860,8.941083333333333,9.580866666666667,-0.6397833333333338,-0.7304333333333336
Chile,1861,8.717583333333334,9.580866666666667,-0.8632833333333334,-0.787766666666667
Chile,1862,8.537666666666667,9.580866666666667,-1.0432000000000006,-0.8829000000000005
Chile,1863,8.523583333333333,9.580866666666667,-1.0572833333333342,-0.8421000000000003
Chile,1864,8.769916666666667,9.580866666666667,-0.8109500000000001,-0.770566666666667
Chile,1865,9.145083333333334,9.580866666666667,-0.4357833333333332,-0.6746000000000002
Chile,1866,9.07525,9.580866666666667,-0.5056166666666666,-0.5824166666666667
Chile,1867,9.0175,9.580866666666667,-0.563366666666667,-0.5532833333333332
Chile,1868,8.9845,9.580866666666667,-0.5963666666666665,-0.6300666666666668
Chile,1869,8.915583333333334,9.580866666666667,-0.665283333333333,-0.708816666666667
Chile,1870,8.761166666666666,9.580866666666667,-0.819700000000001,-0.7954500000000003
Chile,1871,8.6815,9.580866666666667,-0.8993666666666673,-0.7465500000000003
Chile,1872,8.584333333333333,9.580866666666667,-0.9965333333333337,-0.7715666666666671
Chile,1873,9.229000000000001,9.580866666666667,-0.3518666666666661,-0.7823166666666669
Chile,1874,8.7905,9.580866666666667,-0.7903666666666673,-0.6928833333333337
Chile,1875,8.707416666666667,9.580866666666667,-0.8734500000000001,-0.48336666666666694
Chile,1876,9.128666666666666,9.580866666666667,-0.45220000000000127,-0.4822500000000005
Chile,1877,9.631916666666667,9.580866666666667,0.05105000000000004,-0.3994166666666672
Chile,1878,9.234583333333333,9.580866666666667,-0.34628333333333394,-0.30896666666666733
Chile,1879,9.204666666666666,9.580866666666667,-0.37620000000000076,-0.3462333333333337
Chile,1880,9.159666666666666,9.580866666666667,-0.4212000000000007,-0.46388333333333376
Chile,1881,8.942333333333334,9.580866666666667,-0.6385333333333332,-0.535316666666667
Chile,1882,9.043666666666667,9.580866666666667,-0.5372000000000003,-0.6417333333333335
Chile,1883,8.877416666666667,9.580866666666667,-0.7034500000000001,-0.7731666666666669
Chile,1884,8.672583333333334,9.580866666666667,-0.9082833333333333,-0.8119000000000003
Chile,1885,8.5025,9.580866666666667,-1.0783666666666676,-0.849666666666667
Chile,1886,8.748666666666667,9.580866666666667,-0.8322000000000003,-0.8199166666666671
Chile,1887,8.854833333333334,9.580866666666667,-0.7260333333333335,-0.8556500000000004
Chile,1888,9.026166666666667,9.580866666666667,-0.5547000000000004,-0.7861833333333333
Chile,1889,8.493916666666667,9.580866666666667,-1.0869499999999999,-0.73325
Chile,1890,8.849833333333335,9.580866666666667,-0.7310333333333325,-0.7532666666666668
Chile,1891,9.013333333333334,9.580866666666667,-0.5675333333333334,-0.7807999999999999
Chile,1892,8.75475,9.580866666666667,-0.8261166666666675,-0.6682500000000001
Chile,1893,8.8885,9.580866666666667,-0.6923666666666666,-0.5950666666666671
Chile,1894,9.056666666666667,9.580866666666667,-0.5242000000000004,-0.45460000000000067
Chile,1895,9.21575,9.580866666666667,-0.3651166666666672,-0.381783333333334
Chile,1896,9.715666666666666,9.580866666666667,0.13479999999999848,-0.4367833333333341
Chile,1897,9.118833333333333,9.580866666666667,-0.4620333333333342,-0.3723500000000005
Chile,1898,8.6135,9.580866666666667,-0.9673666666666669,-0.35450000000000054
Chile,1899,9.378833333333334,9.580866666666667,-0.20203333333333262,-0.4024333333333335
Chile,1900,9.305,9.580866666666667,-0.27586666666666737,-0.3898500000000002
Chile,1901,9.476,9.580866666666667,-0.10486666666666622,-0.31320000000000014
Chile,1902,9.18175,9.580866666666667,-0.3991166666666679,-0.31055000000000027
Chile,1903,8.99675,9.580866666666667,-0.5841166666666666,-0.30816666666666703
Chile,1904,9.392083333333334,9.580866666666667,-0.1887833333333333,-0.3612833333333338
Chile,1905,9.316916666666666,9.580866666666667,-0.26395000000000124,-0.4236833333333333
Chile,1906,9.210416666666667,9.580866666666667,-0.37044999999999995,-0.3898666666666667
Chile,1907,8.869750000000002,9.580866666666667,-0.7111166666666655,-0.4621500000000001
Chile,1908,9.165833333333333,9.580866666666667,-0.4150333333333336,-0.5443000000000001
Chile,1909,9.030666666666667,9.580866666666667,-0.5502000000000002,-0.5632833333333338
Chile,1910,8.906166666666666,9.580866666666667,-0.6747000000000014,-0.4618833333333342
Chile,1911,9.115499999999999,9.580866666666667,-0.46536666666666804,-0.37503333333333444
Chile,1912,9.37675,9.580866666666667,-0.2041166666666676,-0.3266000000000012
Chile,1913,9.600083333333332,9.580866666666667,0.019216666666665105,-0.2350500000000011
Chile,1914,9.272833333333333,9.580866666666667,-0.30803333333333427,-0.26386666666666764
Chile,1915,9.363916666666666,9.580866666666667,-0.21695000000000064,-0.2736666666666675
Chile,1916,8.971416666666666,9.580866666666667,-0.6094500000000007,-0.3801666666666673
Chile,1917,9.32775,9.580866666666667,-0.2531166666666671,-0.3078166666666672
Chile,1918,9.067583333333333,9.580866666666667,-0.5132833333333338,-0.31670000000000054
Chile,1919,9.634583333333333,9.580866666666667,0.05371666666666641,-0.30121666666666724
Chile,1920,9.3195,9.580866666666667,-0.2613666666666674,-0.34363333333333373
Chile,1921,9.048833333333333,9.580866666666667,-0.5320333333333345,-0.38031666666666697
Chile,1922,9.115666666666668,9.580866666666667,-0.4651999999999994,-0.48078333333333345
Chile,1923,8.884166666666667,9.580866666666667,-0.6966999999999999,-0.48588333333333333
Chile,1924,9.13225,9.580866666666667,-0.4486166666666662,-0.3959166666666665
Chile,1925,9.294,9.580866666666667,-0.2868666666666666,-0.35090000000000005
Chile,1926,9.498666666666667,9.580866666666667,-0.08220000000000027,-0.3085833333333333
Chile,1927,9.34075,9.580866666666667,-0.2401166666666672,-0.28890000000000027
Chile,1928,9.09575,9.580866666666667,-0.4851166666666664,-0.21843333333333384
Chile,1929,9.230666666666666,9.580866666666667,-0.35020000000000095,-0.24535000000000054
Chile,1930,9.646333333333333,9.580866666666667,0.06546666666666567,-0.2083666666666673
Chile,1931,9.364083333333333,9.580866666666667,-0.21678333333333377,-0.17481666666666767
Chile,1932,9.525666666666666,9.580866666666667,-0.055200000000001026,-0.1624666666666677
Chile,1933,9.263499999999999,9.580866666666667,-0.31736666666666835,-0.19255000000000103
Chile,1934,9.292416666666666,9.580866666666667,-0.288450000000001,-0.15831666666666777
Chile,1935,9.495916666666666,9.580866666666667,-0.08495000000000097,-0.1881333333333341
Chile,1936,9.53525,9.580866666666667,-0.04561666666666753,-0.2140333333333338
Chile,1937,9.376583333333334,9.580866666666667,-0.2042833333333327,-0.16761666666666705
Chile,1938,9.134,9.580866666666667,-0.44686666666666675,-0.14153333333333365
Chile,1939,9.5245,9.580866666666667,-0.05636666666666734,-0.13401666666666684
Chile,1940,9.626333333333333,9.580866666666667,0.0454666666666661,-0.13925000000000054
Chile,1941,9.572833333333334,9.580866666666667,-0.008033333333333559,-0.018350000000000578
Chile,1942,9.350416666666666,9.580866666666667,-0.23045000000000115,0.057916666666666214
Chile,1943,9.7385,9.580866666666667,0.15763333333333307,0.13794999999999966
Chile,1944,9.905833333333334,9.580866666666667,0.3249666666666666,0.12151666666666613
Chile,1945,10.0265,9.580866666666667,0.4456333333333333,0.1641666666666662
Chile,1946,9.490666666666666,9.580866666666667,-0.09020000000000117,0.0941833333333328
Chile,1947,9.563666666666666,9.580866666666667,-0.01720000000000077,-0.013150000000000616
Chile,1948,9.388583333333333,9.580866666666667,-0.19228333333333403,-0.16005000000000075
Chile,1949,9.369166666666667,9.580866666666667,-0.21170000000000044,-0.14321666666666744
Chile,1950,9.292,9.580866666666667,-0.28886666666666727,-0.08995000000000068
Chile,1951,9.574833333333332,9.580866666666667,-0.006033333333334667,-0.025333333333333742
Chile,1952,9.83,9.580866666666667,0.24913333333333298,-0.04911666666666718
Chile,1953,9.711666666666668,9.580866666666667,0.1308000000000007,-0.10191666666666706
Chile,1954,9.25025,9.580866666666667,-0.33061666666666767,-0.18208333333333365
Chile,1955,9.028,9.580866666666667,-0.5528666666666666,-0.22086666666666693
Chile,1956,9.174,9.580866666666667,-0.4068666666666676,-0.23106666666666734
Chile,1957,9.636083333333334,9.580866666666667,0.05521666666666647,-0.2098000000000006
Chile,1958,9.660666666666666,9.580866666666667,0.07979999999999876,-0.06456666666666741
Chile,1959,9.356583333333333,9.580866666666667,-0.22428333333333406,-0.0003000000000007219
Chile,1960,9.754166666666666,9.580866666666667,0.17329999999999934,0.039299999999999356
Chile,1961,9.495333333333333,9.580866666666667,-0.08553333333333413,0.0329666666666661
Chile,1962,9.834083333333334,9.580866666666667,0.25321666666666687,0.048816666666666106
Chile,1963,9.629,9.580866666666667,0.04813333333333247,0.039299999999999356
Chile,1964,9.435833333333333,9.580866666666667,-0.145033333333334,0.039816666666666126
Chile,1965,9.706583333333333,9.580866666666667,0.1257166666666656,-0.013283333333333758
Chile,1966,9.497916666666667,9.580866666666667,-0.0829500000000003,0.036299999999999596
Chile,1967,9.568583333333335,9.580866666666667,-0.012283333333332536,0.12179999999999999
Chile,1968,9.876916666666666,9.580866666666667,0.29604999999999926,0.11123333333333356
Chile,1969,9.863333333333335,9.580866666666667,0.282466666666668,0.04368333333333361
Chile,1970,9.65375,9.580866666666667,0.07288333333333341,0.047183333333333265
Chile,1971,9.160166666666667,9.580866666666667,-0.4207000000000001,-0.04553333333333356
Chile,1972,9.586083333333333,9.580866666666667,0.005216666666665759,-0.15990000000000038
Chile,1973,9.413333333333332,9.580866666666667,-0.16753333333333487,-0.20698333333333388
Chile,1974,9.291500000000001,9.580866666666667,-0.2893666666666661,-0.16996666666666727
Chile,1975,9.418333333333333,9.580866666666667,-0.16253333333333408,-0.08425000000000046
Chile,1976,9.34525,9.580866666666667,-0.23561666666666703,0.024699999999999632
Chile,1977,10.014666666666667,9.580866666666667,0.43379999999999974,0.12584999999999943
Chile,1978,9.958083333333333,9.580866666666667,0.37721666666666565,0.22293333333333293
Chile,1979,9.79725,9.580866666666667,0.21638333333333293,0.34489999999999943
Chile,1980,9.90375,9.580866666666667,0.3228833333333334,0.35203333333333264
Chile,1981,9.955083333333333,9.580866666666667,0.37421666666666553,0.4224499999999992
Chile,1982,10.050333333333333,9.580866666666667,0.4694666666666656,0.35149999999999937
Chile,1983,10.310166666666666,9.580866666666667,0.7292999999999985,0.3787333333333326
Chile,1984,9.4425,9.580866666666667,-0.1383666666666663,0.3552166666666661
Chile,1985,10.039916666666667,9.580866666666667,0.4590499999999995,0.39946666666666636
Chile,1986,9.8375,9.580866666666667,0.25663333333333327,0.2824833333333334
Chile,1987,10.271583333333334,9.580866666666667,0.6907166666666669,0.3988833333333332
Chile,1988,9.72525,9.580866666666667,0.14438333333333375,0.35715
Chile,1989,10.0245,9.580866666666667,0.44363333333333266,0.33473333333333316
Chile,1990,9.83125,9.580866666666667,0.2503833333333336,0.22796666666666637
Chile,1991,9.725416666666666,9.580866666666667,0.14454999999999885,0.27183333333333265
Chile,1992,9.73775,9.580866666666667,0.15688333333333304,0.2777999999999995
Chile,1993,9.944583333333332,9.580866666666667,0.36371666666666513,0.2685333333333325
Chile,1994,10.054333333333334,9.580866666666667,0.4734666666666669,0.2750499999999995
Chile,1995,9.784916666666666,9.580866666666667,0.20404999999999873,0.3948999999999995
Chile,1996,9.758000000000001,9.580866666666667,0.1771333333333338,0.46446666666666625
Chile,1997,10.337,9.580866666666667,0.7561333333333327,0.4195166666666662
Chile,1998,10.292416666666666,9.580866666666667,0.711549999999999,0.3753499999999999
Chile,1999,9.829583333333334,9.580866666666667,0.2487166666666667,0.38768333333333305
Chile,2000,9.564083333333334,9.580866666666667,-0.016783333333332706,0.26876666666666615
Chile,2001,9.819666666666667,9.580866666666667,0.23879999999999946,0.22596666666666643
Chile,2002,9.742416666666665,9.580866666666667,0.1615499999999983,0.3012166666666662
Chile,2003,10.078416666666667,9.580866666666667,0.4975500000000004,0.36676666666666585
Chile,2004,10.205833333333333,9.580866666666667,0.6249666666666656,0.43763333333333243
Chile,2005,9.891833333333333,9.580866666666667,0.3109666666666655,0.3871333333333329
Chile,2006,10.174,9.580866666666667,0.5931333333333324,0.4039499999999993
Chile,2007,9.489916666666668,9.580866666666667,-0.09094999999999942,0.361666666666666
Chile,2008,10.1625,9.580866666666667,0.5816333333333326,0.3258666666666663
Chile,2009,9.994416666666666,9.580866666666667,0.413549999999999,0.2975166666666663
Chile,2010,9.712833333333334,9.580866666666667,0.131966666666667,0.45404999999999945
Chile,2011,10.03225,9.580866666666667,0.45138333333333236,0.3970249999999993
Chile,2012,10.272583333333333,9.580866666666667,0.6917166666666663,0.3928937499999994
Chile,2013,9.877374999999999,9.580866666666667,0.2965083333333318,0.4798694444444435
Iran,1850,16.77825,17.710008333333334,-0.9317583333333346,-0.5479250000000006
Iran,1851,17.4675,17.710008333333334,-0.24250833333333333,-0.5224250000000001
Iran,1852,17.2405,17.710008333333334,-0.46950833333333364,-0.5635750000000002
Iran,1853,17.264083333333335,17.710008333333334,-0.445924999999999,-0.42779166666666624
Iran,1854,16.981833333333334,17.710008333333334,-0.7281750000000002,-0.5263916666666659
Iran,1855,17.45716666666667,17.710008333333334,-0.2528416666666651,-0.6555416666666659
Iran,1856,16.974500000000003,17.710008333333334,-0.7355083333333319,-0.6481916666666663
Iran,1857,16.59475,17.710008333333334,-1.1152583333333332,-0.5522916666666667
Iran,1858,17.300833333333333,17.710008333333334,-0.4091750000000012,-0.5914583333333333
Iran,1859,17.461333333333332,17.710008333333334,-0.2486750000000022,-0.6768750000000004
Iran,1860,17.261333333333337,17.710008333333334,-0.44867499999999794,-0.7333916666666674
Iran,1861,16.547416666666667,17.710008333333334,-1.1625916666666676,-0.830758333333334
Iran,1862,16.312166666666666,17.710008333333334,-1.3978416666666682,-0.9324583333333336
Iran,1863,16.814,17.710008333333334,-0.8960083333333344,-0.934458333333334
Iran,1864,16.952833333333334,17.710008333333334,-0.7571750000000002,-0.8487083333333338
Iran,1865,17.251333333333335,17.710008333333334,-0.4586749999999995,-0.6366750000000003
Iran,1866,16.976166666666668,17.710008333333334,-0.7338416666666667,-0.5331916666666672
Iran,1867,17.372333333333334,17.710008333333334,-0.33767500000000084,-0.41427500000000067
Iran,1868,17.331416666666666,17.710008333333334,-0.37859166666666866,-0.37280833333333446
Iran,1869,17.547416666666667,17.710008333333334,-0.16259166666666758,-0.3184083333333348
Iran,1870,17.458666666666666,17.710008333333334,-0.2513416666666686,-0.28994166666666815
Iran,1871,17.248166666666666,17.710008333333334,-0.46184166666666826,-0.22292500000000076
Iran,1872,17.514666666666667,17.710008333333334,-0.19534166666666763,-0.2535750000000007
Iran,1873,17.666500000000003,17.710008333333334,-0.043508333333331706,-0.2549416666666673
Iran,1874,17.394166666666667,17.710008333333334,-0.31584166666666746,-0.23999166666666696
Iran,1875,17.451833333333333,17.710008333333334,-0.2581750000000014,-0.21024166666666702
Iran,1876,17.322916666666668,17.710008333333334,-0.3870916666666666,-0.20472500000000055
Iran,1877,17.663416666666667,17.710008333333334,-0.04659166666666792,-0.1504416666666671
Iran,1878,17.694083333333335,17.710008333333334,-0.0159249999999993,-0.23345833333333346
Iran,1879,17.665583333333334,17.710008333333334,-0.04442500000000038,-0.14535833333333342
Iran,1880,17.03675,17.710008333333334,-0.6732583333333331,-0.2838416666666667
Iran,1881,17.763416666666668,17.710008333333334,0.0534083333333335,-0.32764166666666694
Iran,1882,16.971,17.710008333333334,-0.7390083333333344,-0.44452500000000017
Iran,1883,17.475083333333334,17.710008333333334,-0.2349250000000005,-0.4514083333333339
Iran,1884,17.081166666666668,17.710008333333334,-0.6288416666666663,-0.6093250000000004
Iran,1885,17.002333333333333,17.710008333333334,-0.7076750000000018,-0.5530250000000002
Iran,1886,16.973833333333335,17.710008333333334,-0.7361749999999994,-0.4856250000000003
Iran,1887,17.2525,17.710008333333334,-0.4575083333333332,-0.403775000000001
Iran,1888,17.812083333333334,17.710008333333334,0.10207499999999925,-0.34522500000000067
Iran,1889,17.490416666666665,17.710008333333334,-0.21959166666666974,-0.3040083333333342
Iran,1890,17.295083333333334,17.710008333333334,-0.4149250000000002,-0.22887500000000074
Iran,1891,17.179916666666667,17.710008333333334,-0.5300916666666673,-0.3182250000000003
Iran,1892,17.62816666666667,17.710008333333334,-0.0818416666666657,-0.4131916666666662
Iran,1893,17.365333333333336,17.710008333333334,-0.34467499999999873,-0.4223416666666665
Iran,1894,17.015583333333336,17.710008333333334,-0.694424999999999,-0.42807499999999976
Iran,1895,17.249333333333333,17.710008333333334,-0.46067500000000194,-0.5172583333333336
Iran,1896,17.15125,17.710008333333334,-0.5587583333333335,-0.6238583333333338
Iran,1897,17.18225,17.710008333333334,-0.5277583333333347,-0.44965833333333405
Iran,1898,16.832333333333334,17.710008333333334,-0.877675,-0.47519166666666734
Iran,1899,17.886583333333334,17.710008333333334,0.1765749999999997,-0.32672500000000043
Iran,1900,17.121666666666666,17.710008333333334,-0.5883416666666683,-0.16450833333333392
Iran,1901,17.893583333333336,17.710008333333334,0.18357500000000115,-0.15912500000000093
Iran,1902,17.993333333333332,17.710008333333334,0.28332499999999783,-0.2785416666666677
Iran,1903,16.85925,17.710008333333334,-0.8507583333333351,-0.284875000000001
Iran,1904,17.2895,17.710008333333334,-0.42050833333333415,-0.41834166666666806
Iran,1905,17.09,17.710008333333334,-0.6200083333333346,-0.6495583333333343
Iran,1906,17.22625,17.710008333333334,-0.4837583333333342,-0.548608333333334
Iran,1907,16.83725,17.710008333333334,-0.8727583333333335,-0.4544250000000005
Iran,1908,17.364,17.710008333333334,-0.3460083333333337,-0.47082500000000066
Iran,1909,17.760416666666668,17.710008333333334,0.05040833333333339,-0.6753583333333346
Iran,1910,17.008,17.710008333333334,-0.7020083333333353,-0.5347750000000012
Iran,1911,16.20358333333333,17.710008333333334,-1.5064250000000037,-0.5409916666666682
Iran,1912,17.540166666666668,17.710008333333334,-0.16984166666666667,-0.543158333333335
Iran,1913,17.332916666666666,17.710008333333334,-0.3770916666666686,-0.3075416666666683
Iran,1914,17.749583333333334,17.710008333333334,0.03957499999999925,-0.15019166666666806
Iran,1915,18.186083333333332,17.710008333333334,0.476074999999998,-0.11985833333333532
Iran,1916,16.990333333333332,17.710008333333334,-0.7196750000000023,-0.1875916666666683
Iran,1917,17.69183333333333,17.710008333333334,-0.01817500000000294,-0.19047500000000142
Iran,1918,16.99425,17.710008333333334,-0.7157583333333335,-0.5327583333333343
Iran,1919,17.735166666666668,17.710008333333334,0.025158333333333616,-0.4785416666666677
Iran,1920,16.474666666666668,17.710008333333334,-1.2353416666666668,-0.41839166666666755
Iran,1921,17.261416666666666,17.710008333333334,-0.44859166666666894,-0.386041666666668
Iran,1922,17.992583333333332,17.710008333333334,0.2825749999999978,-0.392558333333335
Iran,1923,17.156,17.710008333333334,-0.5540083333333357,-0.16454166666666836
Iran,1924,17.702583333333333,17.710008333333334,-0.007425000000001347,-0.09734166666666795
Iran,1925,17.61475,17.710008333333334,-0.09525833333333367,-0.17902500000000146
Iran,1926,17.597416666666668,17.710008333333334,-0.11259166666666687,-0.17247500000000143
Iran,1927,17.584166666666665,17.710008333333334,-0.12584166666666974,-0.2772583333333344
Iran,1928,17.18875,17.710008333333334,-0.5212583333333356,-0.3637583333333346
Iran,1929,17.17866666666667,17.710008333333334,-0.5313416666666662,-0.45602500000000107
Iran,1930,17.18225,17.710008333333334,-0.5277583333333347,-0.5580750000000009
Iran,1931,17.136083333333335,17.710008333333334,-0.5739249999999991,-0.5516583333333337
Iran,1932,17.073916666666666,17.710008333333334,-0.6360916666666689,-0.6048416666666675
Iran,1933,17.220833333333335,17.710008333333334,-0.48917499999999947,-0.5228416666666675
Iran,1934,16.91275,17.710008333333334,-0.7972583333333354,-0.44654166666666767
Iran,1935,17.59225,17.710008333333334,-0.11775833333333452,-0.3610583333333338
Iran,1936,17.517583333333334,17.710008333333334,-0.19242500000000007,-0.26284166666666736
Iran,1937,17.501333333333335,17.710008333333334,-0.2086749999999995,-0.11585833333333326
Iran,1938,17.711916666666667,17.710008333333334,0.0019083333333327346,0.006875000000000142
Iran,1939,17.64766666666667,17.710008333333334,-0.06234166666666496,0.18584166666666704
Iran,1940,18.205916666666667,17.710008333333334,0.4959083333333325,0.29070833333333324
Iran,1941,18.41241666666667,17.710008333333334,0.7024083333333344,0.20079166666666665
Iran,1942,18.025666666666666,17.710008333333334,0.3156583333333316,0.26404166666666595
Iran,1943,17.262333333333334,17.710008333333334,-0.44767500000000027,0.08117499999999893
Iran,1944,17.963916666666666,17.710008333333334,0.2539083333333316,-0.0803750000000015
Iran,1945,17.29158333333333,17.710008333333334,-0.4184250000000027,-0.023158333333334724
Iran,1946,17.604666666666667,17.710008333333334,-0.10534166666666778,0.034908333333331855
Iran,1947,18.31175,17.710008333333334,0.6017416666666655,-0.20277500000000118
Iran,1948,17.552666666666667,17.710008333333334,-0.15734166666666738,-0.27932500000000077
Iran,1949,16.7755,17.710008333333334,-0.9345083333333335,-0.28502500000000097
Iran,1950,16.908833333333334,17.710008333333334,-0.8011750000000006,-0.4369250000000008
Iran,1951,17.576166666666666,17.710008333333334,-0.13384166666666886,-0.40149166666666714
Iran,1952,17.55225,17.710008333333334,-0.15775833333333367,-0.22347500000000053
Iran,1953,17.729833333333335,17.710008333333334,0.01982500000000087,0.03945833333333297
Iran,1954,17.665583333333334,17.710008333333334,-0.04442500000000038,0.037741666666666875
Iran,1955,18.2235,17.710008333333334,0.5134916666666669,-0.09987500000000012
Iran,1956,17.567583333333335,17.710008333333334,-0.14242499999999936,-0.004791666666667282
Iran,1957,16.864166666666666,17.710008333333334,-0.8458416666666686,-0.03929166666666717
Iran,1958,18.20525,17.710008333333334,0.495241666666665,-0.1052416666666673
Iran,1959,17.493083333333335,17.710008333333334,-0.2169249999999998,-0.07089166666666742
Iran,1960,17.89375,17.710008333333334,0.18374166666666625,0.11587499999999906
Iran,1961,17.739333333333335,17.710008333333334,0.029325000000000045,0.1266083333333327
Iran,1962,17.798,17.710008333333334,0.0879916666666638,0.009258333333332303
Iran,1963,18.258916666666668,17.710008333333334,0.5489083333333333,-0.018975000000001074
Iran,1964,16.906333333333333,17.710008333333334,-0.8036750000000019,0.11379166666666549
Iran,1965,17.752583333333334,17.710008333333334,0.04257499999999936,0.010208333333332575
Iran,1966,18.403166666666667,17.710008333333334,0.6931583333333329,-0.1319250000000011
Iran,1967,17.280083333333334,17.710008333333334,-0.4299250000000008,-0.008608333333334172
Iran,1968,17.54825,17.710008333333334,-0.161758333333335,0.13127499999999942
Iran,1969,17.522916666666667,17.710008333333334,-0.18709166666666732,0.030924999999999158
Iran,1970,18.452,17.710008333333334,0.7419916666666673,-0.1403250000000007
Iran,1971,17.901416666666666,17.710008333333334,0.19140833333333163,-0.09265833333333333
Iran,1972,16.423833333333334,17.710008333333334,-1.286175,-0.19939166666666636
Iran,1973,17.786583333333336,17.710008333333334,0.07657500000000184,-0.4014250000000004
Iran,1974,16.989250000000002,17.710008333333334,-0.7207583333333325,-0.5111249999999998
Iran,1975,17.44183333333333,17.710008333333334,-0.26817500000000294,-0.13930833333333298
Iran,1976,17.35291666666667,17.710008333333334,-0.3570916666666655,-0.06637500000000003
Iran,1977,18.28291666666667,17.710008333333334,0.5729083333333342,0.17750833333333277
Iran,1978,18.15125,17.710008333333334,0.44124166666666653,0.3549083333333328
Iran,1979,18.208666666666666,17.710008333333334,0.4986583333333314,0.5679749999999991
Iran,1980,18.328833333333332,17.710008333333334,0.6188249999999975,0.37674166666666553
Iran,1981,18.41825,17.710008333333334,0.708241666666666,0.33847499999999897
Iran,1982,17.32675,17.710008333333334,-0.3832583333333339,0.2223249999999993
Iran,1983,17.95991666666667,17.710008333333334,0.24990833333333384,0.1788249999999998
Iran,1984,17.627916666666668,17.710008333333334,-0.0820916666666669,0.03530833333333305
Iran,1985,18.111333333333334,17.710008333333334,0.40132499999999993,0.24920833333333264
Iran,1986,17.700666666666667,17.710008333333334,-0.009341666666667692,0.3596583333333328
Iran,1987,18.39625,17.710008333333334,0.686241666666664,0.4326916666666662
Iran,1988,18.51216666666667,17.710008333333334,0.8021583333333346,0.49570833333333225
Iran,1989,17.993083333333335,17.710008333333334,0.2830750000000002,0.5614249999999992
Iran,1990,18.426416666666665,17.710008333333334,0.7164083333333302,0.27212499999999906
Iran,1991,18.02925,17.710008333333334,0.31924166666666665,0.11790833333333169
Iran,1992,16.949749999999998,17.710008333333334,-0.7602583333333364,0.1964916666666646
Iran,1993,17.741083333333332,17.710008333333334,0.031074999999997743,0.19279166666666542
Iran,1994,18.386,17.710008333333334,0.6759916666666648,0.22822499999999835
Iran,1995,18.40791666666667,17.710008333333334,0.6979083333333342,0.4989249999999991
Iran,1996,18.206416666666666,17.710008333333334,0.49640833333333134,0.7846916666666666
Iran,1997,18.303250000000002,17.710008333333334,0.5932416666666676,0.9390750000000004
Iran,1998,19.16991666666667,17.710008333333334,1.4599083333333347,1.0359083333333339
Iran,1999,19.15791666666667,17.710008333333334,1.4479083333333342,1.2893916666666676
Iran,2000,18.892083333333336,17.710008333333334,1.182075000000001,1.4572250000000004
Iran,2001,19.473833333333335,17.710008333333334,1.7638250000000006,1.4062750000000002
Iran,2002,19.142416666666666,17.710008333333334,1.4324083333333313,1.4046749999999997
Iran,2003,18.915166666666668,17.710008333333334,1.2051583333333333,1.3875916666666661
Iran,2004,19.149916666666666,17.710008333333334,1.4399083333333316,1.3352083333333327
Iran,2005,18.80666666666667,17.710008333333334,1.096658333333334,1.2548083333333324
Iran,2006,19.211916666666667,17.710008333333334,1.5019083333333327,1.2527583333333325
Iran,2007,18.740416666666665,17.710008333333334,1.0304083333333303,1.2446749999999995
Iran,2008,18.90491666666667,17.710008333333334,1.1949083333333341,1.5013749999999995
Iran,2009,19.1095,17.710008333333334,1.3994916666666661,1.4420749999999998
Iran,2010,20.09016666666667,17.710008333333334,2.380158333333334,1.4859250000000004
Iran,2011,18.91541666666667,17.710008333333334,1.2054083333333345,1.8131416666666667
Iran,2012,18.959666666666667,17.710008333333334,1.2496583333333326,1.9165541666666668
Iran,2013,20.541,17.710008333333334,2.830991666666666,1.7620194444444444
Mongolia,1850,-1.914,-0.630011111111111,-1.283988888888889,-0.853870202020202
Mongolia,1851,-0.6467272727272726,-0.630011111111111,-0.01671616161616163,-1.0540248737373736
Mongolia,1852,-1.8909166666666666,-0.630011111111111,-1.2609055555555555,-0.9031010101010102
Mongolia,1853,-2.2845,-0.630011111111111,-1.654488888888889,-0.2546101010101009
Mongolia,1854,-0.9294166666666666,-0.630011111111111,-0.2994055555555556,0.03184444444444452
Mongolia,1855,1.328454545454546,-0.630011111111111,1.9584656565656569,0.09177777777777789
Mongolia,1856,0.7855454545454547,-0.630011111111111,1.4155565656565656,0.4200111111111113
Mongolia,1857,-1.5912499999999996,-0.630011111111111,-0.9612388888888886,0.8256035353535356
Mongolia,1858,-0.6433333333333331,-0.630011111111111,-0.013322222222222124,0.06489595959595977
Mongolia,1859,1.0985454545454547,-0.630011111111111,1.7285565656565658,0.4707868686868689
Mongolia,1860,-2.475083333333333,-0.630011111111111,-1.845072222222222,0.7689641414141415
Mongolia,1861,2.8150000000000004,-0.630011111111111,3.4450111111111115,1.1600489898989899
Mongolia,1862,-0.10036363636363693,-0.630011111111111,0.529647474747474,0.9283944444444444
Mongolia,1863,1.312090909090909,-0.630011111111111,1.9421020202020198,1.5219383838383835
Mongolia,1864,-0.05972727272727273,-0.630011111111111,0.5702838383838382,1.10190202020202
Mongolia,1865,0.4926363636363634,-0.630011111111111,1.1226474747474744,1.8309147474747474
Mongolia,1866,0.7148181818181822,-0.630011111111111,1.344829292929293,1.3874465656565655
Mongolia,1867,3.5447,-0.630011111111111,4.174711111111111,1.2065920202020202
Mongolia,1868,-0.9052499999999998,-0.630011111111111,-0.2752388888888888,0.8996465656565655
Mongolia,1869,-0.9639999999999999,-0.630011111111111,-0.3339888888888889,0.5147829292929291
Mongolia,1870,-1.042090909090909,-0.630011111111111,-0.412079797979798,-0.5925737373737375
Mongolia,1871,-1.2095000000000007,-0.630011111111111,-0.5794888888888897,-0.48637373737373757
Mongolia,1872,-1.9920833333333332,-0.630011111111111,-1.3620722222222224,-0.2885570707070708
Mongolia,1873,-0.3742499999999997,-0.630011111111111,0.2557611111111113,-0.1833555555555558
Mongolia,1874,0.025083333333333496,-0.630011111111111,0.6550944444444444,-0.15233888888888897
Mongolia,1875,-0.5160833333333336,-0.630011111111111,0.1139277777777774,0.392841414141414
Mongolia,1876,-1.0544166666666666,-0.630011111111111,-0.4244055555555556,0.27635808080808066
Mongolia,1877,0.7338181818181816,-0.630011111111111,1.3638292929292926,0.051524747474747355
Mongolia,1878,-0.9566666666666667,-0.630011111111111,-0.3266555555555557,0.1112141414141413
Mongolia,1879,-1.099083333333333,-0.630011111111111,-0.469072222222222,0.05741414141414132
Mongolia,1880,-0.21763636363636382,-0.630011111111111,0.4123747474747471,0.17746868686868672
Mongolia,1881,-1.3234166666666665,-0.630011111111111,-0.6934055555555555,0.09705202020202008
Mongolia,1882,1.3340909090909088,-0.630011111111111,1.9641020202020196,0.04863535353535331
Mongolia,1883,-1.35875,-0.630011111111111,-0.7287388888888889,-0.12760404040404064
Mongolia,1884,-1.3411666666666668,-0.630011111111111,-0.7111555555555559,-0.05708737373737405
Mongolia,1885,-1.0988333333333336,-0.630011111111111,-0.4688222222222226,-0.5268888888888891
Mongolia,1886,-0.9708333333333335,-0.630011111111111,-0.3408222222222226,-0.5322388888888892
Mongolia,1887,-1.0149166666666665,-0.630011111111111,-0.3849055555555555,-0.6049388888888891
Mongolia,1888,-1.3855000000000004,-0.630011111111111,-0.7554888888888894,-0.6322555555555556
Mongolia,1889,-1.7046666666666666,-0.630011111111111,-1.0746555555555557,-0.6364388888888888
Mongolia,1890,-1.235416666666666,-0.630011111111111,-0.605405555555555,-0.8249055555555556
Mongolia,1891,-0.9917499999999997,-0.630011111111111,-0.3617388888888887,-0.6953388888888887
Mongolia,1892,-1.9572499999999995,-0.630011111111111,-1.3272388888888886,-0.44933888888888873
Mongolia,1893,-0.7376666666666667,-0.630011111111111,-0.10765555555555573,-0.5010388888888888
Mongolia,1894,-0.4746666666666666,-0.630011111111111,0.15534444444444434,-0.4815555555555557
Mongolia,1895,-1.493916666666667,-0.630011111111111,-0.863905555555556,-0.4090555555555557
Mongolia,1896,-0.8943333333333333,-0.630011111111111,-0.26432222222222235,-0.4720388888888891
Mongolia,1897,-1.5947500000000001,-0.630011111111111,-0.9647388888888891,-0.20766919191919211
Mongolia,1898,-1.0525833333333334,-0.630011111111111,-0.42257222222222246,-0.14275252525252535
Mongolia,1899,0.8471818181818184,-0.630011111111111,1.4771929292929293,-0.12505252525252536
Mongolia,1900,-1.1693333333333333,-0.630011111111111,-0.5393222222222224,0.081480808080808
Mongolia,1901,-0.8058333333333333,-0.630011111111111,-0.17582222222222232,0.002330808080808078
Mongolia,1902,-0.5620833333333334,-0.630011111111111,0.06792777777777759,-0.40312222222222227
Mongolia,1903,-1.448333333333333,-0.630011111111111,-0.8183222222222221,-0.4911555555555555
Mongolia,1904,-1.1800833333333332,-0.630011111111111,-0.5500722222222222,-0.6029388888888888
Mongolia,1905,-1.6094999999999995,-0.630011111111111,-0.9794888888888885,-0.7199722222222222
Mongolia,1906,-1.3647500000000001,-0.630011111111111,-0.7347388888888892,-0.6835888888888889
Mongolia,1907,-1.14725,-0.630011111111111,-0.5172388888888891,-0.7454555555555558
Mongolia,1908,-1.266416666666667,-0.630011111111111,-0.636405555555556,-0.7898222222222224
Mongolia,1909,-1.4894166666666668,-0.630011111111111,-0.8594055555555559,-0.6738222222222223
Mongolia,1910,-1.8313333333333333,-0.630011111111111,-1.2013222222222222,-0.8489722222222224
Mongolia,1911,-0.7847499999999998,-0.630011111111111,-0.15473888888888887,-0.7725555555555556
Mongolia,1912,-2.023,-0.630011111111111,-1.392988888888889,-0.5532555555555555
Mongolia,1913,-0.8843333333333331,-0.630011111111111,-0.2543222222222221,-0.4745555555555555
Mongolia,1914,-0.3929166666666665,-0.630011111111111,0.23709444444444444,-0.6349888888888888
Mongolia,1915,-1.437833333333333,-0.630011111111111,-0.8078222222222221,-0.46033888888888885
Mongolia,1916,-1.5869166666666665,-0.630011111111111,-0.9569055555555556,-0.46485555555555563
Mongolia,1917,-1.1497500000000003,-0.630011111111111,-0.5197388888888893,-0.5895055555555556
Mongolia,1918,-0.9069166666666666,-0.630011111111111,-0.2769055555555556,-0.4450222222222223
Mongolia,1919,-1.0161666666666667,-0.630011111111111,-0.3861555555555557,-0.25873888888888896
Mongolia,1920,-0.7154166666666661,-0.630011111111111,-0.08540555555555518,-0.26512222222222215
Mongolia,1921,-0.6554999999999999,-0.630011111111111,-0.025488888888888894,-0.3358388888888887
Mongolia,1922,-1.1816666666666664,-0.630011111111111,-0.5516555555555555,-0.30285555555555543
Mongolia,1923,-1.2604999999999995,-0.630011111111111,-0.6304888888888885,-0.2570555555555556
Mongolia,1924,-0.8512500000000002,-0.630011111111111,-0.2212388888888892,-0.19752222222222235
Mongolia,1925,-0.48641666666666694,-0.630011111111111,0.14359444444444402,-0.12702222222222231
Mongolia,1926,-0.35783333333333367,-0.630011111111111,0.2721777777777773,-0.07913888888888906
Mongolia,1927,-0.8291666666666663,-0.630011111111111,-0.1991555555555553,-0.1789055555555558
Mongolia,1928,-1.0210833333333333,-0.630011111111111,-0.3910722222222224,-0.3019888888888892
Mongolia,1929,-1.3500833333333337,-0.630011111111111,-0.7200722222222228,-0.5668055555555557
Mongolia,1930,-1.101833333333334,-0.630011111111111,-0.47182222222222314,-0.4122055555555558
Mongolia,1931,-1.681916666666666,-0.630011111111111,-1.051905555555555,-0.47118888888888905
Mongolia,1932,-0.05616666666666692,-0.630011111111111,0.573844444444444,-0.46380555555555575
Mongolia,1933,-1.3159999999999996,-0.630011111111111,-0.6859888888888886,-0.466888888888889
Mongolia,1934,-1.313166666666667,-0.630011111111111,-0.6831555555555561,-0.5009055555555557
Mongolia,1935,-1.1172500000000005,-0.630011111111111,-0.48723888888888955,-0.7907555555555558
Mongolia,1936,-1.8519999999999996,-0.630011111111111,-1.2219888888888888,-0.6649055555555557
Mongolia,1937,-1.5054166666666668,-0.630011111111111,-0.8754055555555559,-0.4756055555555557
Mongolia,1938,-0.6867499999999996,-0.630011111111111,-0.05673888888888867,-0.35107222222222223
Mongolia,1939,-0.36666666666666653,-0.630011111111111,0.26334444444444444,-0.03265555555555566
Mongolia,1940,-0.49458333333333354,-0.630011111111111,0.13542777777777742,0.17272777777777765
Mongolia,1941,-0.2599166666666668,-0.630011111111111,0.37009444444444417,0.21227777777777762
Mongolia,1942,-0.47850000000000037,-0.630011111111111,0.1515111111111106,0.01497777777777749
Mongolia,1943,-0.4889999999999997,-0.630011111111111,0.14101111111111125,-0.05132222222222253
Mongolia,1944,-1.3531666666666673,-0.630011111111111,-0.7231555555555563,-0.06137222222222242
Mongolia,1945,-0.8260833333333336,-0.630011111111111,-0.19607222222222265,-0.35883888888888904
Mongolia,1946,-0.3101666666666662,-0.630011111111111,0.31984444444444476,-0.3210055555555558
Mongolia,1947,-1.9658333333333335,-0.630011111111111,-1.3358222222222227,-0.16463888888888908
Mongolia,1948,-0.29983333333333356,-0.630011111111111,0.3301777777777774,-0.1644055555555557
Mongolia,1949,-0.5713333333333335,-0.630011111111111,0.058677777777777496,-0.24240555555555568
Mongolia,1950,-0.8249166666666666,-0.630011111111111,-0.19490555555555567,-0.1253055555555557
Mongolia,1951,-0.7001666666666662,-0.630011111111111,-0.0701555555555552,-0.19473888888888896
Mongolia,1952,-1.3803333333333336,-0.630011111111111,-0.7503222222222227,-0.41483888888888903
Mongolia,1953,-0.6469999999999999,-0.630011111111111,-0.016988888888888942,-0.3729555555555556
Mongolia,1954,-1.6718333333333337,-0.630011111111111,-1.0418222222222226,-0.5806722222222223
Mongolia,1955,-0.6154999999999996,-0.630011111111111,0.014511111111111363,-0.5815055555555555
Mongolia,1956,-1.7387499999999996,-0.630011111111111,-1.1087388888888885,-0.4785722222222222
Mongolia,1957,-1.3844999999999998,-0.630011111111111,-0.7544888888888889,-0.29467222222222195
Mongolia,1958,-0.13233333333333328,-0.630011111111111,0.49767777777777766,-0.33088888888888873
Mongolia,1959,-0.7523333333333327,-0.630011111111111,-0.12232222222222178,-0.050572222222222143
Mongolia,1960,-0.7965833333333334,-0.630011111111111,-0.16657222222222245,0.17379444444444453
Mongolia,1961,-0.33716666666666645,-0.630011111111111,0.2928444444444445,0.28974444444444436
Mongolia,1962,-0.2626666666666666,-0.630011111111111,0.36734444444444436,0.28331111111111096
Mongolia,1963,0.4474166666666661,-0.630011111111111,1.077427777777777,0.46841111111111094
Mongolia,1964,-0.7845,-0.630011111111111,-0.154488888888889,0.42264444444444427
Mongolia,1965,0.1289166666666667,-0.630011111111111,0.7589277777777776,0.2936444444444443
Mongolia,1966,-0.5659999999999995,-0.630011111111111,0.06401111111111146,0.007561111111111085
Mongolia,1967,-0.9076666666666666,-0.630011111111111,-0.27765555555555566,-0.15462222222222227
Mongolia,1968,-0.9830000000000002,-0.630011111111111,-0.35298888888888924,-0.4029722222222222
Mongolia,1969,-1.5954166666666667,-0.630011111111111,-0.9654055555555557,-0.4150555555555555
Mongolia,1970,-1.112833333333333,-0.630011111111111,-0.48282222222222193,-0.28038888888888874
Mongolia,1971,-0.6264166666666661,-0.630011111111111,0.0035944444444448997,-0.054922222222222025
Mongolia,1972,-0.23433333333333298,-0.630011111111111,0.395677777777778,0.06732777777777803
Mongolia,1973,0.14433333333333356,-0.630011111111111,0.7743444444444445,0.28047777777777794
Mongolia,1974,-0.9841666666666665,-0.630011111111111,-0.35415555555555556,0.21934444444444443
Mongolia,1975,-0.04708333333333344,-0.630011111111111,0.5829277777777775,0.19731111111111102
Mongolia,1976,-0.9320833333333335,-0.630011111111111,-0.3020722222222225,0.19331111111111093
Mongolia,1977,-0.34450000000000003,-0.630011111111111,0.28551111111111094,0.4450444444444443
Mongolia,1978,0.12433333333333312,-0.630011111111111,0.754344444444444,0.3579277777777777
Mongolia,1979,0.27450000000000035,-0.630011111111111,0.9045111111111113,0.4242277777777776
Mongolia,1980,-0.48266666666666663,-0.630011111111111,0.14734444444444433,0.584011111111111
Mongolia,1981,-0.6005833333333337,-0.630011111111111,0.029427777777777275,0.5336277777777777
Mongolia,1982,0.4544166666666669,-0.630011111111111,1.084427777777778,0.1952277777777776
Mongolia,1983,-0.12758333333333324,-0.630011111111111,0.5024277777777777,0.09627777777777762
Mongolia,1984,-1.4175000000000004,-0.630011111111111,-0.7874888888888895,0.17429444444444436
Mongolia,1985,-0.9774166666666666,-0.630011111111111,-0.34740555555555563,0.022394444444444363
Mongolia,1986,-0.2105,-0.630011111111111,0.41951111111111095,0.015244444444444328
Mongolia,1987,-0.305083333333333,-0.630011111111111,0.324927777777778,0.4335277777777776
Mongolia,1988,-0.1633333333333334,-0.630011111111111,0.4666777777777775,0.7614611111111109
Mongolia,1989,0.6739166666666662,-0.630011111111111,1.3039277777777771,0.8285277777777775
Mongolia,1990,0.6622500000000002,-0.630011111111111,1.2922611111111113,0.9418777777777775
Mongolia,1991,0.12483333333333253,-0.630011111111111,0.7548444444444435,0.9320277777777776
Mongolia,1992,0.2616666666666667,-0.630011111111111,0.8916777777777777,0.9359444444444442
Mongolia,1993,-0.2125833333333332,-0.630011111111111,0.41742777777777773,0.9531944444444441
Mongolia,1994,0.6934999999999999,-0.630011111111111,1.3235111111111109,0.9116944444444446
Mongolia,1995,0.7484999999999999,-0.630011111111111,1.378511111111111,1.111261111111111
Mongolia,1996,-0.08266666666666629,-0.630011111111111,0.5473444444444446,1.4731611111111111
Mongolia,1997,1.2595000000000003,-0.630011111111111,1.8895111111111111,1.5542944444444449
Mongolia,1998,1.596916666666667,-0.630011111111111,2.226927777777778,1.4395944444444446
Mongolia,1999,1.099166666666667,-0.630011111111111,1.7291777777777781,1.6061944444444447
Mongolia,2000,0.17499999999999952,-0.630011111111111,0.8050111111111105,1.573477777777778
Mongolia,2001,0.7503333333333334,-0.630011111111111,1.3803444444444444,1.2633777777777777
Mongolia,2002,1.0959166666666669,-0.630011111111111,1.7259277777777777,1.2616777777777775
Mongolia,2003,0.04641666666666625,-0.630011111111111,0.6764277777777772,1.198711111111111
Mongolia,2004,1.0906666666666662,-0.630011111111111,1.720677777777777,1.2390277777777776
Mongolia,2005,-0.13983333333333312,-0.630011111111111,0.4901777777777778,1.4349611111111111
Mongolia,2006,0.9519166666666669,-0.630011111111111,1.5819277777777778,1.6487944444444445
Mongolia,2007,2.075583333333334,-0.630011111111111,2.705594444444445,1.5435611111111114
Mongolia,2008,1.1155833333333334,-0.630011111111111,1.7455944444444444,1.5077944444444444
Mongolia,2009,0.5645000000000001,-0.630011111111111,1.194511111111111,1.2990111111111111
Mongolia,2010,-0.3186666666666668,-0.630011111111111,0.31134444444444415,0.7646444444444447
Mongolia,2011,-0.09199999999999993,-0.630011111111111,0.538011111111111,1.1030777777777778
Mongolia,2012,-0.5962499999999995,-0.630011111111111,0.033761111111111464,1.0802194444444446
Mongolia,2013,2.80775,-0.630011111111111,3.437761111111111,1.3365111111111114
Russia,1850,-6.4265,-5.434175,-0.9923250000000001,-0.6110749999999999
Russia,1851,-5.669583333333333,-5.434175,-0.235408333333333,-0.6687625000000001
Russia,1852,-6.039666666666666,-5.434175,-0.6054916666666665,-0.5462250000000001
Russia,1853,-6.276000000000001,-5.434175,-0.8418250000000009,-0.37230833333333335
Russia,1854,-5.49025,-5.434175,-0.056074999999999875,-0.4561416666666668
Russia,1855,-5.556916666666666,-5.434175,-0.1227416666666663,-0.5456416666666669
Russia,1856,-6.08875,-5.434175,-0.6545750000000004,-0.4090083333333336
Russia,1857,-6.487166666666667,-5.434175,-1.0529916666666672,-0.3566583333333339
Russia,1858,-5.592833333333334,-5.434175,-0.15865833333333423,-0.5690750000000007
Russia,1859,-5.228500000000001,-5.434175,0.2056749999999985,-0.6103916666666672
Russia,1860,-6.619,-5.434175,-1.184825,-0.6992416666666672
Russia,1861,-6.295333333333333,-5.434175,-0.861158333333333,-0.6405083333333339
Russia,1862,-6.931416666666667,-5.434175,-1.4972416666666675,-0.7963250000000004
Russia,1863,-5.299166666666667,-5.434175,0.1350083333333325,-0.6559416666666671
Russia,1864,-6.007583333333334,-5.434175,-0.573408333333334,-0.46082500000000054
Russia,1865,-5.917083333333333,-5.434175,-0.4829083333333335,-0.18314166666666692
Russia,1866,-5.31975,-5.434175,0.11442499999999978,-0.2748916666666668
Russia,1867,-5.542999999999999,-5.434175,-0.1088249999999995,-0.1397583333333335
Russia,1868,-5.757916666666667,-5.434175,-0.3237416666666668,-0.2409083333333335
Russia,1869,-5.331916666666667,-5.434175,0.10225833333333245,-0.42962500000000003
Russia,1870,-6.422833333333333,-5.434175,-0.9886583333333334,-0.6053083333333336
Russia,1871,-6.263333333333333,-5.434175,-0.829158333333333,-0.5913083333333334
Russia,1872,-6.4214166666666666,-5.434175,-0.9872416666666668,-0.5027083333333333
Russia,1873,-5.687916666666666,-5.434175,-0.25374166666666653,-0.43522500000000014
Russia,1874,-4.888916666666667,-5.434175,0.545258333333333,-0.3828750000000003
Russia,1875,-6.085416666666667,-5.434175,-0.6512416666666674,-0.21919166666666676
Russia,1876,-6.0015833333333335,-5.434175,-0.5674083333333337,-0.1292250000000001
Russia,1877,-5.602999999999999,-5.434175,-0.16882499999999911,-0.3203916666666668
Russia,1878,-5.238083333333333,-5.434175,0.19609166666666678,-0.25074166666666675
Russia,1879,-5.84475,-5.434175,-0.4105750000000006,-0.2574750000000002
Russia,1880,-5.737166666666667,-5.434175,-0.3029916666666672,-0.28932500000000055
Russia,1881,-6.0352500000000004,-5.434175,-0.6010750000000007,-0.41112500000000074
Russia,1882,-5.762250000000001,-5.434175,-0.328075000000001,-0.47850833333333415
Russia,1883,-5.847083333333334,-5.434175,-0.4129083333333341,-0.6678583333333343
Russia,1884,-6.1816666666666675,-5.434175,-0.7474916666666678,-0.6866583333333345
Russia,1885,-6.683916666666668,-5.434175,-1.2497416666666679,-0.7115916666666677
Russia,1886,-6.129250000000002,-5.434175,-0.6950750000000019,-0.8247083333333345
Russia,1887,-5.886916666666667,-5.434175,-0.45274166666666726,-0.8090083333333344
Russia,1888,-6.412666666666667,-5.434175,-0.9784916666666676,-0.723575000000001
Russia,1889,-6.1031666666666675,-5.434175,-0.6689916666666678,-0.7344583333333341
Russia,1890,-6.25675,-5.434175,-0.8225750000000005,-0.8295583333333342
Russia,1891,-6.183666666666667,-5.434175,-0.7494916666666676,-0.6579916666666674
Russia,1892,-6.362416666666667,-5.434175,-0.9282416666666675,-0.5105916666666674
Russia,1893,-5.554833333333334,-5.434175,-0.12065833333333398,-0.5153750000000006
Russia,1894,-5.366166666666667,-5.434175,0.06800833333333234,-0.4160083333333338
Russia,1895,-6.280666666666666,-5.434175,-0.8464916666666662,-0.2545083333333336
Russia,1896,-5.686833333333333,-5.434175,-0.25265833333333365,-0.3336750000000002
Russia,1897,-5.554916666666666,-5.434175,-0.12074166666666653,-0.33559166666666673
Russia,1898,-5.950666666666667,-5.434175,-0.516491666666667,-0.254325
Russia,1899,-5.37575,-5.434175,0.05842499999999973,-0.20897500000000005
Russia,1900,-5.8743333333333325,-5.434175,-0.44015833333333276,-0.4985416666666671
Russia,1901,-5.460083333333333,-5.434175,-0.025908333333333644,-0.3789250000000003
Russia,1902,-7.002750000000002,-5.434175,-1.5685750000000018,-0.38747500000000007
Russia,1903,-5.352583333333333,-5.434175,0.08159166666666717,-0.3500250000000003
Russia,1904,-5.418499999999999,-5.434175,0.01567500000000077,-0.2783583333333336
Russia,1905,-5.687083333333334,-5.434175,-0.25290833333333396,-0.08609166666666664
Russia,1906,-5.10175,-5.434175,0.33242499999999975,-0.2400916666666669
Russia,1907,-6.041416666666667,-5.434175,-0.6072416666666669,-0.32940833333333386
Russia,1908,-6.122583333333334,-5.434175,-0.6884083333333342,-0.3473083333333339
Russia,1909,-5.865083333333334,-5.434175,-0.4309083333333339,-0.49302500000000044
Russia,1910,-5.776583333333334,-5.434175,-0.3424083333333341,-0.6576250000000006
Russia,1911,-5.830333333333333,-5.434175,-0.39615833333333317,-0.5783916666666673
Russia,1912,-6.864416666666667,-5.434175,-1.4302416666666673,-0.4802083333333341
Russia,1913,-5.726416666666668,-5.434175,-0.2922416666666683,-0.5974916666666674
Russia,1914,-5.374166666666667,-5.434175,0.06000833333333233,-0.6694250000000009
Russia,1915,-6.363,-5.434175,-0.9288250000000007,-0.40222500000000105
Russia,1916,-6.19,-5.434175,-0.7558250000000006,-0.4065250000000006
Russia,1917,-5.528416666666668,-5.434175,-0.09424166666666789,-0.5688916666666671
Russia,1918,-5.747916666666666,-5.434175,-0.31374166666666614,-0.3272916666666671
Russia,1919,-6.186,-5.434175,-0.7518250000000002,-0.07014166666666703
Russia,1920,-5.155,-5.434175,0.2791749999999995,-0.10402500000000003
Russia,1921,-4.90425,-5.434175,0.5299249999999995,-0.05867500000000021
Russia,1922,-5.697833333333333,-5.434175,-0.2636583333333329,0.12344166666666627
Russia,1923,-5.521166666666667,-5.434175,-0.08699166666666702,0.1286583333333331
Russia,1924,-5.2754166666666675,-5.434175,0.15875833333333222,0.03460833333333309
Russia,1925,-5.128916666666666,-5.434175,0.30525833333333363,0.04279166666666612
Russia,1926,-5.3745,-5.434175,0.05967499999999948,-0.007425000000000637
Russia,1927,-5.6569166666666675,-5.434175,-0.22274166666666773,-0.2323583333333339
Russia,1928,-5.7722500000000005,-5.434175,-0.3380750000000008,-0.3127250000000007
Russia,1929,-6.400083333333334,-5.434175,-0.965908333333334,-0.3903750000000006
Russia,1930,-5.53075,-5.434175,-0.09657500000000052,-0.21064166666666698
Russia,1931,-5.76275,-5.434175,-0.32857499999999984,-0.30662500000000037
Russia,1932,-4.758249999999999,-5.434175,0.6759250000000003,0.04479166666666625
Russia,1933,-6.2521666666666675,-5.434175,-0.8179916666666678,0.10807499999999966
Russia,1934,-4.643000000000001,-5.434175,0.7911749999999991,0.2546083333333328
Russia,1935,-5.214333333333333,-5.434175,0.2198416666666665,0.17647499999999922
Russia,1936,-5.030083333333334,-5.434175,0.40409166666666607,0.5163749999999995
Russia,1937,-5.1489166666666675,-5.434175,0.2852583333333323,0.5016083333333331
Russia,1938,-4.552666666666666,-5.434175,0.8815083333333336,0.41879166666666645
Russia,1939,-4.716833333333333,-5.434175,0.717341666666667,0.12947499999999987
Russia,1940,-5.628416666666666,-5.434175,-0.19424166666666665,0.03832500000000003
Russia,1941,-6.476666666666667,-5.434175,-1.0424916666666668,0.12595833333333317
Russia,1942,-5.604666666666667,-5.434175,-0.17049166666666693,0.1825249999999997
Russia,1943,-4.1145000000000005,-5.434175,1.3196749999999993,0.2293249999999995
Russia,1944,-4.434,-5.434175,1.0001749999999996,0.35365833333333274
Russia,1945,-5.394416666666667,-5.434175,0.03975833333333245,0.40097499999999914
Russia,1946,-5.855,-5.434175,-0.42082500000000067,0.3563583333333325
Russia,1947,-5.368083333333335,-5.434175,0.0660916666666651,0.25760833333333244
Russia,1948,-4.337583333333334,-5.434175,1.096591666666666,0.21470833333333256
Russia,1949,-4.9277500000000005,-5.434175,0.5064249999999992,0.37452499999999933
Russia,1950,-5.6089166666666666,-5.434175,-0.1747416666666668,0.21309166666666607
Russia,1951,-5.055916666666667,-5.434175,0.37825833333333314,0.12472499999999939
Russia,1952,-6.175250000000001,-5.434175,-0.7410750000000013,0.046808333333332716
Russia,1953,-4.779416666666667,-5.434175,0.6547583333333327,0.04325833333333247
Russia,1954,-5.317333333333334,-5.434175,0.11684166666666584,-0.10830833333333416
Russia,1955,-5.626666666666668,-5.434175,-0.19249166666666806,0.05509166666666587
Russia,1956,-5.81375,-5.434175,-0.379575,-0.21984166666666738
Russia,1957,-5.358250000000001,-5.434175,0.07592499999999891,-0.124158333333334
Russia,1958,-6.154083333333333,-5.434175,-0.7199083333333336,-0.1860250000000004
Russia,1959,-4.838916666666667,-5.434175,0.5952583333333328,-0.015341666666667208
Russia,1960,-5.936,-5.434175,-0.5018250000000002,0.17305833333333281
Russia,1961,-4.960333333333334,-5.434175,0.47384166666666605,0.4022416666666661
Russia,1962,-4.416250000000001,-5.434175,1.017924999999999,0.2128583333333328
Russia,1963,-5.008166666666667,-5.434175,0.4260083333333329,0.21857499999999952
Russia,1964,-5.785833333333334,-5.434175,-0.35165833333333385,-0.051275000000000404
Russia,1965,-5.907416666666666,-5.434175,-0.47324166666666656,-0.04067500000000024
Russia,1966,-6.309583333333333,-5.434175,-0.8754083333333336,-0.15695833333333375
Russia,1967,-4.36325,-5.434175,1.070925,-0.3530083333333337
Russia,1968,-5.5895833333333345,-5.434175,-0.1554083333333347,-0.27604166666666713
Russia,1969,-6.7660833333333334,-5.434175,-1.3319083333333337,-0.008358333333334045
Russia,1970,-5.522583333333333,-5.434175,-0.08840833333333364,-0.27610833333333423
Russia,1971,-4.971166666666668,-5.434175,0.4630083333333319,-0.12490833333333402
Russia,1972,-5.702000000000001,-5.434175,-0.2678250000000011,0.09395833333333262
Russia,1973,-4.833583333333333,-5.434175,0.6005916666666664,0.3702583333333324
Russia,1974,-5.67175,-5.434175,-0.23757500000000054,0.17909166666666607
Russia,1975,-4.141083333333334,-5.434175,1.2930916666666654,0.2168916666666661
Russia,1976,-5.927,-5.434175,-0.49282499999999985,0.1324249999999992
Russia,1977,-5.513000000000001,-5.434175,-0.07882500000000103,0.08590833333333255
Russia,1978,-5.255916666666668,-5.434175,0.17825833333333208,-0.17002500000000076
Russia,1979,-5.904333333333334,-5.434175,-0.4701583333333339,0.1821416666666657
Russia,1980,-5.420750000000001,-5.434175,0.01342499999999891,0.26522499999999916
Russia,1981,-4.166166666666667,-5.434175,1.2680083333333325,0.5260416666666659
Russia,1982,-5.097583333333334,-5.434175,0.3365916666666662,0.6480583333333325
Russia,1983,-3.9518333333333344,-5.434175,1.4823416666666653,0.6279749999999995
Russia,1984,-5.29425,-5.434175,0.13992499999999986,0.48275833333333285
Russia,1985,-5.521166666666666,-5.434175,-0.08699166666666613,0.2474749999999994
Russia,1986,-4.892250000000001,-5.434175,0.5419249999999991,0.17175833333333285
Russia,1987,-6.274000000000001,-5.434175,-0.8398250000000012,0.4159583333333329
Russia,1988,-4.330416666666667,-5.434175,1.1037583333333325,0.7156083333333327
Russia,1989,-4.07325,-5.434175,1.360925,0.8466583333333331
Russia,1990,-4.022916666666666,-5.434175,1.4112583333333335,1.1208083333333332
Russia,1991,-4.236999999999999,-5.434175,1.1971750000000005,1.0625416666666667
Russia,1992,-4.90325,-5.434175,0.5309249999999999,0.8975083333333334
Russia,1993,-4.62175,-5.434175,0.8124250000000002,1.0760583333333333
Russia,1994,-4.898416666666667,-5.434175,0.5357583333333329,0.9613916666666664
Russia,1995,-3.1301666666666663,-5.434175,2.3040083333333334,1.0827416666666665
Russia,1996,-4.810333333333333,-5.434175,0.6238416666666664,0.9508749999999996
Russia,1997,-4.2965,-5.434175,1.1376749999999998,0.964608333333333
Russia,1998,-5.281083333333334,-5.434175,0.15309166666666574,0.6815083333333328
Russia,1999,-4.829750000000001,-5.434175,0.6044249999999991,0.7454416666666661
Russia,2000,-4.5456666666666665,-5.434175,0.8885083333333332,0.780158333333333
Russia,2001,-4.490666666666667,-5.434175,0.943508333333333,1.069808333333333
Russia,2002,-4.122916666666666,-5.434175,1.3112583333333339,1.1370416666666665
Russia,2003,-3.8328333333333333,-5.434175,1.6013416666666664,1.346558333333333
Russia,2004,-4.4935833333333335,-5.434175,0.9405916666666663,1.2920916666666664
Russia,2005,-3.4980833333333337,-5.434175,1.936091666666666,1.521658333333333
Russia,2006,-4.763,-5.434175,0.6711749999999999,1.6271416666666663
Russia,2007,-2.975083333333334,-5.434175,2.459091666666666,1.604158333333333
Russia,2008,-3.3054166666666664,-5.434175,2.1287583333333333,1.399658333333333
Russia,2009,-4.6085,-5.434175,0.8256749999999995,1.6719416666666664
Russia,2010,-4.520583333333334,-5.434175,0.9135916666666661,1.4866083333333333
Russia,2011,-3.401583333333333,-5.434175,2.032591666666667,1.6950666666666663
Russia,2012,-3.90175,-5.434175,1.532425,1.9124145833333333
Russia,2013,-2.2631250000000005,-5.434175,3.1710499999999993,2.2453555555555553
Timor Leste,1878,26.2943,26.174174999999998,0.12012500000000159,-0.4000749999999987
Timor Leste,1879,25.421583333333334,26.174174999999998,-0.7525916666666639,-0.3869333333333316
Timor Leste,1880,25.606416666666664,26.174174999999998,-0.5677583333333338,-0.39201499999999856
Timor Leste,1881,25.826666666666668,26.174174999999998,-0.3475083333333302,-0.45960833333333184
Timor Leste,1882,25.761833333333332,26.174174999999998,-0.4123416666666664,-0.49557499999999877
Timor Leste,1883,25.956333333333333,26.174174999999998,-0.21784166666666493,-0.519941666666665
Timor Leste,1884,25.24175,26.174174999999998,-0.9324249999999985,-0.5542416666666646
Timor Leste,1885,25.484583333333333,26.174174999999998,-0.689591666666665,-0.669708333333331
Timor Leste,1886,25.65516666666667,26.174174999999998,-0.5190083333333284,-0.7351749999999975
Timor Leste,1887,25.1845,26.174174999999998,-0.9896749999999983,-0.5467416666666643
Timor Leste,1888,25.629,26.174174999999998,-0.5451749999999969,-0.5314083333333308
Timor Leste,1889,26.183916666666665,26.174174999999998,0.00974166666666676,-0.6205749999999981
Timor Leste,1890,25.56125,26.174174999999998,-0.612924999999997,-0.5103916666666649
Timor Leste,1891,25.209333333333333,26.174174999999998,-0.9648416666666648,-0.49854166666666516
Timor Leste,1892,25.735416666666666,26.174174999999998,-0.4387583333333325,-0.725024999999998
Timor Leste,1893,25.68825,26.174174999999998,-0.48592499999999816,-0.7682083333333317
Timor Leste,1894,25.0515,26.174174999999998,-1.1226749999999974,-0.8153083333333313
Timor Leste,1895,25.345333333333333,26.174174999999998,-0.8288416666666656,-0.7301916666666642
Timor Leste,1896,24.973833333333335,26.174174999999998,-1.200341666666663,-0.7823249999999973
Timor Leste,1897,26.161,26.174174999999998,-0.013174999999996828,-0.7592083333333306
Timor Leste,1898,25.427583333333335,26.174174999999998,-0.7465916666666637,-0.5718749999999971
Timor Leste,1899,25.167083333333334,26.174174999999998,-1.007091666666664,-0.4283083333333309
Timor Leste,1900,26.282,26.174174999999998,0.10782500000000184,-0.5516083333333313
Timor Leste,1901,25.691666666666666,26.174174999999998,-0.48250833333333176,-0.5038249999999984
Timor Leste,1902,25.5445,26.174174999999998,-0.6296749999999989,-0.5075083333333318
Timor Leste,1903,25.6665,26.174174999999998,-0.507674999999999,-0.5426083333333317
Timor Leste,1904,25.148666666666667,26.174174999999998,-1.025508333333331,-0.3884249999999973
Timor Leste,1905,26.1065,26.174174999999998,-0.06767499999999771,-0.4075916666666636
Timor Leste,1906,26.46258333333334,26.174174999999998,0.28840833333334004,-0.43680833333333025
Timor Leste,1907,25.448666666666668,26.174174999999998,-0.7255083333333303,-0.32384166666666375
Timor Leste,1908,25.520416666666666,26.174174999999998,-0.6537583333333323,-0.38407499999999717
Timor Leste,1909,25.7135,26.174174999999998,-0.4606749999999984,-0.5610083333333314
Timor Leste,1910,25.805333333333333,26.174174999999998,-0.36884166666666474,-0.5374416666666647
Timor Leste,1911,25.577916666666667,26.174174999999998,-0.5962583333333313,-0.6027583333333311
Timor Leste,1912,25.5665,26.174174999999998,-0.6076749999999969,-0.6922583333333308
Timor Leste,1913,25.193833333333334,26.174174999999998,-0.9803416666666642,-0.6534249999999979
Timor Leste,1914,25.266000000000002,26.174174999999998,-0.9081749999999964,-0.6161916666666649
Timor Leste,1915,25.999499999999998,26.174174999999998,-0.17467500000000058,-0.6032916666666651
Timor Leste,1916,25.764083333333332,26.174174999999998,-0.4100916666666663,-0.5968416666666648
Timor Leste,1917,25.631,26.174174999999998,-0.543174999999998,-0.5722583333333311
Timor Leste,1918,25.226083333333335,26.174174999999998,-0.948091666666663,-0.6015416666666639
Timor Leste,1919,25.38891666666667,26.174174999999998,-0.7852583333333278,-0.6297916666666638
Timor Leste,1920,25.853083333333334,26.174174999999998,-0.3210916666666641,-0.6850583333333298
Timor Leste,1921,25.622833333333332,26.174174999999998,-0.5513416666666657,-0.6663749999999965
Timor Leste,1922,25.35466666666667,26.174174999999998,-0.819508333333328,-0.5518249999999967
Timor Leste,1923,25.3195,26.174174999999998,-0.8546749999999967,-0.6637916666666633
Timor Leste,1924,25.96166666666667,26.174174999999998,-0.21250833333332864,-0.6475916666666628
Timor Leste,1925,25.29325,26.174174999999998,-0.8809249999999977,-0.5204083333333301
Timor Leste,1926,25.703833333333336,26.174174999999998,-0.47034166666666266,-0.3760416666666643
Timor Leste,1927,25.990583333333333,26.174174999999998,-0.18359166666666482,-0.43632499999999796
Timor Leste,1928,26.04133333333333,26.174174999999998,-0.13284166666666763,-0.3379583333333315
Timor Leste,1929,25.66025,26.174174999999998,-0.5139249999999969,-0.2943749999999987
Timor Leste,1930,25.785083333333333,26.174174999999998,-0.3890916666666655,-0.3972583333333318
Timor Leste,1931,25.92175,26.174174999999998,-0.2524249999999988,-0.47032499999999755
Timor Leste,1932,25.476166666666668,26.174174999999998,-0.6980083333333305,-0.4157083333333311
Timor Leste,1933,25.676000000000002,26.174174999999998,-0.49817499999999626,-0.4251749999999973
Timor Leste,1934,25.933333333333334,26.174174999999998,-0.24084166666666462,-0.3784749999999974
Timor Leste,1935,25.737750000000002,26.174174999999998,-0.4364249999999963,-0.27872499999999717
Timor Leste,1936,26.15525,26.174174999999998,-0.018924999999999415,-0.18559166666666443
Timor Leste,1937,25.97491666666667,26.174174999999998,-0.19925833333332932,-0.24359166666666426
Timor Leste,1938,26.141666666666666,26.174174999999998,-0.03250833333333247,-0.3346083333333311
Timor Leste,1939,25.643333333333334,26.174174999999998,-0.5308416666666638,-0.4039249999999974
Timor Leste,1940,25.282666666666668,26.174174999999998,-0.8915083333333307,-0.22360833333333047
Timor Leste,1941,25.808666666666667,26.174174999999998,-0.3655083333333309,-0.28252499999999686
Timor Leste,1942,26.876500000000004,26.174174999999998,0.7023250000000054,-0.2699249999999971
Timor Leste,1943,25.847083333333334,26.174174999999998,-0.32709166666666434,-0.16789166666666375
Timor Leste,1944,25.706333333333333,26.174174999999998,-0.46784166666666493,-0.17792499999999692
Timor Leste,1945,25.792833333333334,26.174174999999998,-0.381341666666664,-0.32082499999999714
Timor Leste,1946,25.7585,26.174174999999998,-0.4156749999999967,-0.318091666666664
Timor Leste,1947,26.162000000000003,26.174174999999998,-0.012174999999995606,-0.3669916666666637
Timor Leste,1948,25.86075,26.174174999999998,-0.31342499999999873,-0.44022499999999737
Timor Leste,1949,25.461833333333335,26.174174999999998,-0.7123416666666635,-0.3805249999999972
Timor Leste,1950,25.426666666666666,26.174174999999998,-0.7475083333333323,-0.34882499999999794
Timor Leste,1951,26.057000000000002,26.174174999999998,-0.11717499999999603,-0.24839166666666443
Timor Leste,1952,26.3205,26.174174999999998,0.14632500000000093,-0.08875833333333105
Timor Leste,1953,26.362916666666667,26.174174999999998,0.1887416666666688,0.024091666666669197
Timor Leste,1954,26.26,26.174174999999998,0.08582500000000337,0.01854166666666899
Timor Leste,1955,25.990916666666667,26.174174999999998,-0.18325833333333108,-0.0347083333333309
Timor Leste,1956,26.02925,26.174174999999998,-0.14492499999999708,0.013191666666669022
Timor Leste,1957,26.05425,26.174174999999998,-0.1199249999999985,0.01147500000000221
Timor Leste,1958,26.602416666666667,26.174174999999998,0.4282416666666684,0.010525000000001939
Timor Leste,1959,26.251416666666668,26.174174999999998,0.07724166666666932,-0.019558333333331745
Timor Leste,1960,25.986166666666666,26.174174999999998,-0.18800833333333244,-0.015491666666665082
Timor Leste,1961,25.878833333333333,26.174174999999998,-0.2953416666666655,-0.21959166666666477
Timor Leste,1962,26.074583333333333,26.174174999999998,-0.09959166666666519,-0.24474166666666547
Timor Leste,1963,25.581916666666668,26.174174999999998,-0.59225833333333,-0.29755833333333187
Timor Leste,1964,26.125666666666664,26.174174999999998,-0.048508333333334264,-0.26510833333333184
Timor Leste,1965,25.722083333333334,26.174174999999998,-0.45209166666666434,-0.31017499999999815
Timor Leste,1966,26.041083333333333,26.174174999999998,-0.13309166666666528,-0.17309166666666442
Timor Leste,1967,25.84925,26.174174999999998,-0.3249249999999968,-0.14830833333333046
Timor Leste,1968,26.267333333333337,26.174174999999998,0.09315833333333856,0.0002916666666699541
Timor Leste,1969,26.249583333333334,26.174174999999998,0.07540833333333552,0.03579166666666964
Timor Leste,1970,26.465083333333336,26.174174999999998,0.29090833333333777,0.09550833333333628
Timor Leste,1971,26.21858333333333,26.174174999999998,0.04440833333333316,0.2240750000000027
Timor Leste,1972,26.147833333333335,26.174174999999998,-0.0263416666666636,0.24742500000000262
Timor Leste,1973,26.91016666666667,26.174174999999998,0.7359916666666706,0.21422500000000183
Timor Leste,1974,26.366333333333333,26.174174999999998,0.1921583333333352,0.1705250000000021
Timor Leste,1975,26.299083333333332,26.174174999999998,0.12490833333333384,0.11710833333333567
Timor Leste,1976,26.000083333333333,26.174174999999998,-0.17409166666666565,0.056458333333335275
Timor Leste,1977,25.880750000000003,26.174174999999998,-0.2934249999999956,0.048225000000001475
Timor Leste,1978,26.606916666666667,26.174174999999998,0.4327416666666686,0.04842500000000172
Timor Leste,1979,26.325166666666664,26.174174999999998,0.1509916666666662,0.14182500000000217
Timor Leste,1980,26.300083333333333,26.174174999999998,0.12590833333333507,0.10800833333333557
Timor Leste,1981,26.467083333333335,26.174174999999998,0.29290833333333666,0.09199166666666869
Timor Leste,1982,25.71166666666667,26.174174999999998,-0.46250833333332864,0.0770916666666686
Timor Leste,1983,26.526833333333332,26.174174999999998,0.3526583333333342,0.11000833333333589
Timor Leste,1984,26.250666666666664,26.174174999999998,0.07649166666666574,0.11272500000000249
Timor Leste,1985,26.46466666666667,26.174174999999998,0.2904916666666715,0.2948416666666681
Timor Leste,1986,26.480666666666668,26.174174999999998,0.3064916666666697,0.35227500000000234
Timor Leste,1987,26.622249999999998,26.174174999999998,0.44807499999999933,0.3950583333333363
Timor Leste,1988,26.814000000000004,26.174174999999998,0.6398250000000054,0.3943916666666688
Timor Leste,1989,26.464583333333334,26.174174999999998,0.2904083333333354,0.34037500000000165
Timor Leste,1990,26.461333333333332,26.174174999999998,0.28715833333333407,0.3456916666666686
Timor Leste,1991,26.210583333333332,26.174174999999998,0.03640833333333404,0.24487500000000112
Timor Leste,1992,26.648833333333332,26.174174999999998,0.47465833333333407,0.1472750000000012
Timor Leste,1993,26.309916666666666,26.174174999999998,0.13574166666666798,0.14352500000000176
Timor Leste,1994,25.976583333333334,26.174174999999998,-0.19759166666666417,0.1975083333333359
Timor Leste,1995,26.442583333333335,26.174174999999998,0.2684083333333369,0.10030833333333647
Timor Leste,1996,26.480500000000003,26.174174999999998,0.3063250000000046,0.232475000000003
Timor Leste,1997,26.162833333333335,26.174174999999998,-0.01134166666666303,0.25815833333333627
Timor Leste,1998,26.97075,26.174174999999998,0.7965750000000007,0.18704166666666922
Timor Leste,1999,26.105,26.174174999999998,-0.06917499999999777,0.16962500000000205
Timor Leste,2000,26.087,26.174174999999998,-0.08717499999999845,0.26057500000000144
Timor Leste,2001,26.393416666666667,26.174174999999998,0.21924166666666878,0.18749166666666853
Timor Leste,2002,26.617583333333332,26.174174999999998,0.44340833333333407,0.260291666666668
Timor Leste,2003,26.605333333333334,26.174174999999998,0.431158333333336,0.41492500000000165
Timor Leste,2004,26.468999999999998,26.174174999999998,0.29482499999999945,0.37679166666666786
Timor Leste,2005,26.860166666666668,26.174174999999998,0.6859916666666699,0.3488583333333352
Timor Leste,2006,26.202749999999998,26.174174999999998,0.028575000000000017,0.2891750000000016
Timor Leste,2007,26.47791666666667,26.174174999999998,0.3037416666666708,0.32389166666666896
Timor Leste,2008,26.306916666666666,26.174174999999998,0.13274166666666787,0.3103083333333352
Timor Leste,2009,26.642583333333334,26.174174999999998,0.4684083333333362,0.2738250000000029
Timor Leste,2010,26.79225,26.174174999999998,0.618075000000001,0.21945833333333625
Timor Leste,2011,26.020333333333337,26.174174999999998,-0.15384166666666133,0.22057500000000302
Timor Leste,2012,26.206083333333336,26.174174999999998,0.031908333333337424,0.15861666666666974
Timor Leste,2013,26.3125,26.174174999999998,0.1383250000000018,0.005463888888892636
