#,Trole,Moto,"Bus Eléctrico (E01, E02, E03)",Metro,Auto Personal,Micro,Colectivo,Bicicle,A Pie,Rollers o Patines,Other,¿Qué acciones concretas realizas para contribuir a la prevención del cambio climático?,"Si tuvieras la oportunidad de migrar a otro país exclusivamente en búsqueda de un clima más de tu gusto, ¿cuál elegirías?","En retrospectiva a tu infancia, ¿cómo percibes que ha cambiado la temperatura promedio en la ciudad donde creciste?",Agricultura,Salud Pública,Ecosistemas Marinos,Economía y Urbanismo,¿Qué grado de responsabilidad sientes frente al fenómeno del calentamiento global?,Response Type,Start Date (UTC),Stage Date (UTC),Submit Date (UTC),Network ID,Tags,Ending
e5gjushyphkddzo8w0pe5gjus0szwi1n,,,,,Auto Personal,,,,,,,"Reciclaje, cuido el agua y el gasto de corriente. No botar basuras en la calle, no usar tanto plástico",australia,Significativamente más cálida,Agricultura,,Ecosistemas Marinos,,10,completed,2026-05-09 15:50:17,,2026-05-09 15:54:38,72c4c57597,,"Muchas gracias por tu respuestas
💙"
99dsr4l7ve1m8m8399dsin3spqhcqgkn,,,,,,Micro,,,,,,No usar spray,Como clima Mexico,Ligeramente más cálida,Agricultura,,,,5,completed,2026-05-08 20:36:27,,2026-05-08 20:37:13,7fadb6e0e1,,"Muchas gracias por tu respuestas
💙"
is982bayazmf498nnhis982blosrp02d,,,"Bus Eléctrico (E01, E02, E03)",,,Micro,,,A Pie,,,"Tomar duchas cortas, mantener luces apagadas cuando es de día y si no hay nadie ocupando una habitación también se apaga la luz, preferir productos en envases biodegradables.",Nueva Zelanda,Ligeramente más cálida,Agricultura,,Ecosistemas Marinos,,5,completed,2026-05-08 20:29:07,,2026-05-08 20:31:23,756aa3a555,,"Muchas gracias por tu respuestas
💙"
8ndbs3kv6sxd4cjffwk8ndbs3q4uqm4d,,,,Metro,,,,,,,,Ninguna,Colombia,Se ha mantenido igual,,,,Economía y Urbanismo,5,completed,2026-05-08 20:19:36,,2026-05-08 20:22:07,b486c5dc4a,,"Muchas gracias por tu respuestas
💙"
80blakudj2xc85zoxueb80blakkxbbo7,,,,Metro,,Micro,,,A Pie,,,"Duchas cortas, usar transporte publico, reciclar los papeles y plasticos, enterrar la basura orgánica, envitar la compra de productos envueltos en mucho plastico.",Ninguno,Significativamente más cálida,Agricultura,,Ecosistemas Marinos,,9,completed,2026-05-08 19:50:31,,2026-05-08 19:54:26,e37321a7da,,"Muchas gracias por tu respuestas
💙"
44m7qsrukq42wsh0civg2744m7qbnp1h,,,,,Auto Personal,,,,A Pie,,,"Trato de no usar aerosoles, no fumar ni generar humo",Irlanda o escocia,Significativamente más cálida,Agricultura,,Ecosistemas Marinos,,9,completed,2026-05-08 18:29:02,,2026-05-08 18:32:51,3dc7b3f61b,,"Muchas gracias por tu respuestas
💙"
274qhce98bezwhc8f2ww274qhce9oro9,,,,,Auto Personal,Micro,,,,,,No fumar,Canada,Ligeramente más fría,Agricultura,,Ecosistemas Marinos,,3,completed,2026-05-08 17:40:25,,2026-05-08 17:41:34,c620f123b4,,"Muchas gracias por tu respuestas
💙"
ifqxuv3axbltj87dk9cifqxuvw7uii97,Trole,,"Bus Eléctrico (E01, E02, E03)",,,Micro,,,A Pie,,,Ninguna,Japon,Ligeramente más cálida,Agricultura,,,Economía y Urbanismo,3,completed,2026-05-08 17:05:17,,2026-05-08 17:07:40,bc80bf41f6,,"Muchas gracias por tu respuestas
💙"
cbdw3do0um2fuszr7cbdwly4nxkolhjo,,,"Bus Eléctrico (E01, E02, E03)",Metro,,Micro,,,A Pie,,,No tiro basura a la calle. Nada más,Puerto Rico,Significativamente más cálida,Agricultura,,Ecosistemas Marinos,,3,completed,2026-05-08 05:56:33,,2026-05-08 06:00:01,3dc7b3f61b,,"Muchas gracias por tu respuestas
💙"
